{
    "01 Main Warehouse": {
        "6YB1FEX": 44.0,
        "6YB2FEX": 5.0,
        "6YD1FEX": 8.0,
        "6YE2FEX": 1.0,
        "6YG2FEX": 1.0,
        "6YH1FEX": 10.0,
        "7M99001910": 18.0,
        "7M9901915": 15.0,
        "BDAICA12JPLLR1K": 3.0,
        "BDAP8AX096GNFF": 2.0,
        "BDAWPKATBC4001": 7.0,
        "GCHFWFS7": 5.0,
        "GF1W": 138.0,
        "HSA1FEX": 6.0,
        "HSB1FEX": 51.0,
        "HSB2FEX": 3.0,
        "HSB4FEX": 4.0,
        "HSB8FEX": 4.0,
        "HSD1FEX": 32.0,
        "HSG4FEX": 1.0,
        "HSH1FEX": 2.0,
        "HSL3FEX": 21.0,
        "HSL9FEX": 4.0,
        "NA1FEX": 32.0,
        "NB1FEX": 307.0,
        "NB2FEX": 3.0,
        "ND1FEX": 40.0,
        "ND6FEX": 4.0,
        "ND7FEX": 1.0,
        "NH1FEX": 1.0,
        "NHS5FEX": 10.0,
        "NL3FEX": 1.0,
        "NW": 12.0,
        "NW005860TG": 1.0,
        "NW007M1CK1150": 1.0,
        "NW007M1CK2150": 2.0,
        "NW007M1RT150": 1.0,
        "NW007M2CK2150": 1.0,
        "NW009M2RV200": 1.0,
        "NW009M2T100": 1.0,
        "NW00RA1000": 3.0,
        "NW012004P": 2.0,
        "NW012010G": 14.0,
        "NW0141400": 7.0,
        "NW020035P": 1.0,
        "NW020705100": 1.0,
        "NW024717PE0": 3.0,
        "NW030012P": 5.0,
        "NW030717P": 2.0,
        "NW034075P": 3.0,
        "NW040002P": 5.0,
        "NW040705100": 2.0,
        "NW040705200": 3.0,
        "NW0500093539": 109.0,
        "NW0500093588": 49.0,
        "NW0500093604": 27.0,
        "NW0500093638": 15.0,
        "NW060003P": 1.0,
        "NW060717P": 1.0,
        "NW06419AMW": 90.0,
        "NW0652600": 1.0,
        "NW0686400": 4.0,
        "NW0700000": 4.0,
        "NW0700100": 3.0,
        "NW0725000": 10.0,
        "NW0728000": 32.0,
        "NW0728100": 18.0,
        "NW07862": 2.0,
        "NW080002P": 1.0,
        "NW0950600": 18.0,
        "NW09530FB": 2.0,
        "NW0960000": 1.0,
        "NW1000040": 5.0,
        "NW1000PLNKG": 11.0,
        "NW1000PLNMG": 11.0,
        "NW1000PLNPG": 32.0,
        "NW101L": 109.0,
        "NW102": 34.0,
        "NW1029030": 1.0,
        "NW103": 11.0,
        "NW106": 21.0,
        "NW108": 4.0,
        "NW11000455": 2.0,
        "NW11000460": 1.0,
        "NW11000503": 2.0,
        "NW1111100": 1.0,
        "NW1144440": 3.0,
        "NW1144450": 1.0,
        "NW116EXC": 1.0,
        "NW1192": 46.0,
        "NW1193": 537.0,
        "NW11936994": 23.0,
        "NW11936995": 26.0,
        "NW1196": 20.0,
        "NW1198": 19.0,
        "NW1200": 2.0,
        "NW12381MAW": 3.0,
        "NW125SULG": 9.0,
        "NW12739AE": 4.0,
        "NW12979MEW": 1.0,
        "NW1340425": 1.0,
        "NW13504MAW": 39.0,
        "NW149007": 3.0,
        "NW149009": 2.0,
        "NW149010": 1.0,
        "NW14R113FC": 7.0,
        "NW15007": 6.0,
        "NW15BFVGRV": 3.0,
        "NW1640ENCL": 2.0,
        "NW165004004": 63.0,
        "NW19154AD": 41.0,
        "NW2000SSCK1250": 6.0,
        "NW2000SSCK1600": 1.0,
        "NW20409AC": 7.0,
        "NW20819276": 2.0,
        "NW2099-9804": 20.0,
        "NW2115262": 16.0,
        "NW212AG": 2.0,
        "NW216P-4": 9.0,
        "NW21RX11": 2.0,
        "NW22066": 8.0,
        "NW23143": 1.0,
        "NW23190MCW": 36.0,
        "NW23707AE": 1.0,
        "NW23763AE": 2.0,
        "NW23867AE": 4.0,
        "NW23878FB": 8.0,
        "NW252-019": 20.0,
        "NW25301801": 800.0,
        "NW25301811": 601.0,
        "NW2530291": 497.0,
        "NW25RBG300T": 1.0,
        "NW270ASPO": 2.0,
        "NW2WB": 27.0,
        "NW2WTB": 8.0,
        "NW302ET135": 3.0,
        "NW30W": 5.0,
        "NW332706": 4.0,
        "NW332898": 3.0,
        "NW342KCQK40": 3.0,
        "NW34SCH40": 21.0,
        "NW363193558": 8.0,
        "NW3ATP2": 4.0,
        "NW3CAB": 36.0,
        "NW3RBG": 4.0,
        "NW4000SSRV250": 1.0,
        "NW40989601": 4.0,
        "NW40989714": 1.0,
        "NW40989788": 4.0,
        "NW40989792": 5.0,
        "NW40989832": 3.0,
        "NW410AB": 7.0,
        "NW410AD": 27.0,
        "NW410AF": 18.0,
        "NW410AG": 45.0,
        "NW410AH": 4.0,
        "NW410AJ": 1.0,
        "NW411UD": 1.0,
        "NW4201010": 618.0,
        "NW4201012": 27.0,
        "NW4201015": 99.0,
        "NW4201020": 16.0,
        "NW4201025": -1.0,
        "NW4201131": 3.0,
        "NW4201158": 27.0,
        "NW4201168": 50.0,
        "NW4201211": 37.0,
        "NW4201250": 42.0,
        "NW4201251": 45.0,
        "NW4201289": 2.0,
        "NW4201290": 2.0,
        "NW4202010": 25.0,
        "NW4202130G": 156.0,
        "NW4202209G": 69.0,
        "NW4206007": 107.0,
        "NW4206010": 1092.0,
        "NW4206012": 40.0,
        "NW4206015": 8.0,
        "NW4206020": 4.0,
        "NW4206025": 8.0,
        "NW4207130": 51.0,
        "NW421": 1.0,
        "NW4213010": 50.0,
        "NW4216010": 943.0,
        "NW4217007": 31.0,
        "NW4217010": 727.0,
        "NW4217012": 20.0,
        "NW4217015": 43.0,
        "NW4217025": 2.0,
        "NW4220010": 372.0,
        "NW4220012": 13.0,
        "NW4220015": 17.0,
        "NW4220020": 8.0,
        "NW4220030": 1.0,
        "NW4229007": 80.0,
        "NW4229010": 507.0,
        "NW4229012": 61.0,
        "NW4229015": 62.0,
        "NW4229020": 8.0,
        "NW4229025": 6.0,
        "NW4233012": 25.0,
        "NW4233015": 34.0,
        "NW4233020": 11.0,
        "NW4233025": 3.0,
        "NW4235007": 18.0,
        "NW4235010": 153.0,
        "NW4235012": 9.0,
        "NW4235015": 21.0,
        "NW4235101G": 5.0,
        "NW4235130": 49.0,
        "NW4235130GS": 805.0,
        "NW4235131": 13.0,
        "NW4236007": 22.0,
        "NW4236010": 47.0,
        "NW4236012": 23.0,
        "NW4236015": 67.0,
        "NW4236020": 9.0,
        "NW4237131": 54.0,
        "NW4237168": 34.0,
        "NW4237210": 2.0,
        "NW4237211": 127.0,
        "NW4237212": 14.0,
        "NW4237249": 45.0,
        "NW4237250": 65.0,
        "NW4237251": 35.0,
        "NW4237290": 9.0,
        "NW4237291": 2.0,
        "NW4237292": 3.0,
        "NW4238101G": 5.0,
        "NW4238130G": 20.0,
        "NW4247007": 51.0,
        "NW4247010": 702.0,
        "NW4247012": 133.0,
        "NW4247015": 38.0,
        "NW4247020": 50.0,
        "NW4257007": 1.0,
        "NW4257010": 27.0,
        "NW4257012": 8.0,
        "NW4257015": 12.0,
        "NW4257020": 5.0,
        "NW4278010": 6.0,
        "NW44CN": 4.0,
        "NW44W": 9.0,
        "NW44W5N": 37.0,
        "NW4500125PL": 7.0,
        "NW4510009WH": 36.0,
        "NW480AB200N": 32.0,
        "NW4906-9131": 2.0,
        "NW49069130": 2.0,
        "NW49AV-WRFO": 1.0,
        "NW49CCP1N": 8.0,
        "NW49W5N": 8.0,
        "NW49WN": 45.0,
        "NW4LAEGP": 15.0,
        "NW4WB": 1.0,
        "NW500093620": 19.0,
        "NW500PSK": 5.0,
        "NW500PSL": 2.0,
        "NW500PSM": 3.0,
        "NW50104110": 16.0,
        "NW504511200": 567.0,
        "NW505101200": 10.0,
        "NW505101286": 1.0,
        "NW510721155": 5.0,
        "NW512019155": 3.0,
        "NW512114155": 4.0,
        "NW515491155": 8.0,
        "NW516201200": 17.0,
        "NW516231200": 32.0,
        "NW517921155": 76.0,
        "NW517921200": 6.0,
        "NW5193SD": 1.0,
        "NW52029620": 3.0,
        "NW523112010": 1.0,
        "NW526302001P": 1.0,
        "NW531111165": 17.0,
        "NW531129165": 16.0,
        "NW560001077": 4.0,
        "NW560001078": 6.0,
        "NW560115502": 1.0,
        "NW5601P": 21.0,
        "NW5602": 2.0,
        "NW5603": 39.0,
        "NW560820001": 15.0,
        "NW561520001": 22.0,
        "NW562044135": 8.0,
        "NW563612": 20.0,
        "NW565115501": 1.0,
        "NW567054010": 41.0,
        "NW567059010": 14.0,
        "NW567059010B": 5.0,
        "NW567059011": 43.0,
        "NW567154010": 58.0,
        "NW567156010": 6.0,
        "NW567159010": 112.0,
        "NW568734135": 13.0,
        "NW568914135": 224.0,
        "NW573781155": 9.0,
        "NW573784155": 6.0,
        "NW573784200": 10.0,
        "NW573789200": 14.0,
        "NW573901155": 13.0,
        "NW573901286": 10.0,
        "NW573919155": 12.0,
        "NW575781155": 21.0,
        "NW575901155": 9.0,
        "NW575901200": 10.0,
        "NW575901286": 20.0,
        "NW59300G040WS": 2.0,
        "NW59300W030WS": 2.0,
        "NW6160CR2": 2.0,
        "NW6302000300": 1.0,
        "NW65DC3030": 5.0,
        "NW65DC3040": 1.0,
        "NW65DE3024": 1.0,
        "NW6990024129": 1.0,
        "NW6CAB": 3.0,
        "NW6KBSB": 1.0,
        "NW6YB8FEX": 4.0,
        "NW6YD6FEX": 1.0,
        "NW6YH6FEX": 3.0,
        "NW7010Z0075": 6.0,
        "NW7011128": 1.0,
        "NW7015EC0100": 2.0,
        "NW7015EC0125": 5.0,
        "NW7015EC0150": 3.0,
        "NW7020EP0301": 3.0,
        "NW7085N": 6.0,
        "NW7093030": 86.0,
        "NW709RT075": 1.0,
        "NW72103UM": 1.0,
        "NW72105UM": 3.0,
        "NW7211460470": 2.0,
        "NW7214EMK": 1.0,
        "NW7233012": 27.0,
        "NW7251669": 2.0,
        "NW7264PAKIT": 2.0,
        "NW7264PASUB": 1.0,
        "NW755MF1": 27.0,
        "NW761320": 6.0,
        "NW761322": 2.0,
        "NW761323": 3.0,
        "NW761360A": 9.0,
        "NW761362": 2.0,
        "NW761380A": 2.0,
        "NW762380": 3.0,
        "NW762380500": 1.0,
        "NW767960A": 13.0,
        "NW773701155": 128.0,
        "NW773701200": 38.0,
        "NW773701286": 48.0,
        "NW773709200": 4.0,
        "NW773711155": 87.0,
        "NW773711200": 52.0,
        "NW773714155": 31.0,
        "NW773714286": 48.0,
        "NW773719155": 73.0,
        "NW773719200": 38.0,
        "NW773719286": 40.0,
        "NW775701155": 40.0,
        "NW775701200": 46.0,
        "NW775701286": 25.0,
        "NW78101107424": 33.0,
        "NW78101107430": 146.0,
        "NW78101107436": 27.0,
        "NW7870C0050": 10.0,
        "NW7870C0200": 1.0,
        "NW79038": 14.0,
        "NW79041": 114.0,
        "NW7M99001905": 12.0,
        "NW7M99001906": 1034.0,
        "NW7M99001907": 127.0,
        "NW7M99001908": 176.0,
        "NW7M99001909": 32.0,
        "NW7M99001911": 535.0,
        "NW7M99001912": 212.0,
        "NW7M99001913": 889.0,
        "NW7M99001914": 132.0,
        "NW7M99001917": 136.0,
        "NW7M99001918": 851.0,
        "NW7M99001919": 97.0,
        "NW800957": 240.0,
        "NW8009925": 30.0,
        "NW8010957": 217.0,
        "NW8021957": 145.0,
        "NW80300T": 350.0,
        "NW80301T": 4824.0,
        "NW80302T": 335.0,
        "NW80303T": 292.0,
        "NW80304T": 91.0,
        "NW8046957": 305.0,
        "NW8150922": 70.0,
        "NW8153922": 150.0,
        "NW8KBSB": 3.0,
        "NW905042": 2.0,
        "NW905044": 2.0,
        "NW905045": 2.0,
        "NW905061": 1.0,
        "NW905102": 1.0,
        "NW905152": 1.0,
        "NW905163": 1.0,
        "NW905349": 4.0,
        "NW9090100": 9.0,
        "NW9095349": 2.0,
        "NW9154AB": 4.0,
        "NW952300S": 1.0,
        "NW9699142": 7.0,
        "NW9699168": 4.0,
        "NWA000AQFRE7": 3.0,
        "NWA007-9801": 1.0,
        "NWA007-9802": 2.0,
        "NWA007-9806": 8.0,
        "NWA0076416": 1.0,
        "NWA0079806": 1.0,
        "NWA0099801": 1.0,
        "NWA090AQFRNT": 7.0,
        "NWA114LFAFBVFPT": 2.0,
        "NWA130AQFRNH": 1.0,
        "NWA240AB2000": 85.0,
        "NWA400L": 9.0,
        "NWA4090-9807": 6.0,
        "NWA4090-9810": 6.0,
        "NWA4098-9714": 12.0,
        "NWA4098-9733": 2.0,
        "NWA4098-9792": 11.0,
        "NWA48HAQFBA2": 32.0,
        "NWA48TAQFBA2": 59.0,
        "NWA4906-9101": 8.0,
        "NWA4906-9103": 2.0,
        "NWA4906-9104": 2.0,
        "NWA4906-9129": 2.0,
        "NWA4906-9130": 2.0,
        "NWA49WPBB-AVVOW": 1.0,
        "NWA72HAQFBA2": 11.0,
        "NWAA120": 1.0,
        "NWAFC1000": 1.0,
        "NWAM5070": 5.0,
        "NWAM50PLATE": 36.0,
        "NWAMDA23": 1.0,
        "NWAMM2IF": 23.0,
        "NWAMM2RIF": 28.0,
        "NWAMM4F": 36.0,
        "NWAMM4SF": 9.0,
        "NWAOM2FRBP": 10.0,
        "NWAOM2SF": 11.0,
        "NWAOMTELF": 1.0,
        "NWASDPL2F": 7.0,
        "NWASDPL3BP": 20.0,
        "NWASDPL3R": 15.0,
        "NWASWP2475CFR": 1.0,
        "NWATDL3": 8.0,
        "NWATDL3H": 3.0,
        "NWB1001PLNHG": 7.0,
        "NWB1001PLNJG": 1.0,
        "NWB1001PLNUG": 16.0,
        "NWB200S": 1.0,
        "NWB200SLFEWH": 13.0,
        "NWB29PGG": 72.0,
        "NWB3006": 23.0,
        "NWB3006IV": 9.0,
        "NWB4LAEGK": 22.0,
        "NWB4LAEGU": 8.0,
        "NWB4LPLNJ": 30.0,
        "NWB57922Y": 12.0,
        "NWB59067P": 3.0,
        "NWB64050P": 2.0,
        "NWB980PLND": 24.0,
        "NWB9GF": 77.0,
        "NWB9M": 2.0,
        "NWBB26": 2.0,
        "NWBBHG": 5.0,
        "NWBBJH": 5.0,
        "NWBBKH": 6.0,
        "NWBBSCS02": 1.0,
        "NWBCL": 1.0,
        "NWBDAGNDKIT1": 2.0,
        "NWBDALD05": 3.0,
        "NWBDANMRG813NM": 22.0,
        "NWBDAPA76386921": 33.0,
        "NWBDAPS2W2": 2.0,
        "NWBDI9G": 33.0,
        "NWBDIBGD": 22.0,
        "NWBEAM1224": 6.0,
        "NWBEAMMMK": 6.0,
        "NWBG12": 16.0,
        "NWBG12LRA": 1.0,
        "NWBGB": 11.0,
        "NWBHD": 2.0,
        "NWBJB": 1.0,
        "NWBNBCL": 1.0,
        "NWBNBJ": 43.0,
        "NWBNBK": 1.0,
        "NWBNBL": 5.0,
        "NWBNBM": 52.0,
        "NWBNBN": 5.0,
        "NWBNBP": 2.0,
        "NWBNBR": 6.0,
        "NWBNBS": 6.0,
        "NWBNBT": 6.0,
        "NWBNBU": 7.0,
        "NWBNDM": 7.0,
        "NWBNDP": 25.0,
        "NWBNDR": 4.0,
        "NWBNDT": 3.0,
        "NWBNDU": 10.0,
        "NWBNGW": 3.0,
        "NWBNHL": 4.0,
        "NWBNHP": 41.0,
        "NWBNHT": 2.0,
        "NWBNJN": 1.0,
        "NWBNJS": 8.0,
        "NWBNJU": 12.0,
        "NWBNK12": 10.0,
        "NWBNKS": 4.0,
        "NWBNLS": 10.0,
        "NWBNUU": 1.0,
        "NWBPB": 146.0,
        "NWBRBGF": 2.0,
        "NWBRCHF": 4.0,
        "NWBRF09020": 1.0,
        "NWBRKG": 14.0,
        "NWBRNBP": 8.0,
        "NWBRNBU": 2.0,
        "NWBSB10015RC": 5.0,
        "NWBTGGH": 10.0,
        "NWBTGGK": 1.0,
        "NWBTH": 21.0,
        "NWBTJ": 12.0,
        "NWBY234010GP": 98.0,
        "NWBY234014GP": 84.0,
        "NWC43050P": 5.0,
        "NWC4G": 2.0,
        "NWCAPF": 1.0,
        "NWCB02922Y": 18.0,
        "NWCB05922Y": 98.0,
        "NWCB26922Y": 48.0,
        "NWCB29922Y": 188.0,
        "NWCB59922Y": 3.0,
        "NWCB60922Y": 68.0,
        "NWCB6492NP": 6.0,
        "NWCB6792NP": 5.0,
        "NWCB94922Y": 1.0,
        "NWCB97922Y": 9.0,
        "NWCC00922Y": 52.0,
        "NWCC0092NP": 7.0,
        "NWCC3892NP": 16.0,
        "NWCC4092NP": 1.0,
        "NWCC4392NPE7": 1.0,
        "NWCCH": 3.0,
        "NWCCMVZHON": 3.0,
        "NWCCP0SP76": 4.0,
        "NWCCP0W76": 4.0,
        "NWCD2292NP": 7.0,
        "NWCD2592NP": 2.0,
        "NWCD2992NP": 5.0,
        "NWCD35920P": 1.0,
        "NWCD35920PG": 1.0,
        "NWCDS4P007D": 4.0,
        "NWCE00920P": 1.0,
        "NWCE5692NP": 1.0,
        "NWCE5892NP": 1.0,
        "NWCE6192NP": 1.0,
        "NWCE65920P": 1.0,
        "NWCF30920P": 2.0,
        "NWCF32920P": 2.0,
        "NWCFAGD": 3.0,
        "NWCG40FB": 2.0,
        "NWCG50FB": 94.0,
        "NWCG50W": 668.0,
        "NWCG51FB": 69.0,
        "NWCG51W": 55.0,
        "NWCG5S0W": 4.0,
        "NWCHS24W": 10.0,
        "NWCOMPRSR": 3.0,
        "NWCRF300": 3.0,
        "NWCS24W": 5.0,
        "NWCSBBRP0100EG": 152.0,
        "NWCSBBRP0125EG": 11.0,
        "NWCSBBRP0150EG": 11.0,
        "NWCSBBRP0200EG": 18.0,
        "NWCSBQG0250EG": 5.0,
        "NWCSBQG0300EG": 4.0,
        "NWCTF": 1.0,
        "NWCTGGF": 4.0,
        "NWCTH": 2.0,
        "NWCTJJG": 1.0,
        "NWD30FEX": 3.0,
        "NWD4030CFM": 1.0,
        "NWD4120": 4.0,
        "NWD7050": 4.0,
        "NWD7050B6": 5.0,
        "NWDACTE3": 1.0,
        "NWDCART600": 1.0,
        "NWDCOIL": 1.0,
        "NWDEXSTCFJ": 1.0,
        "NWDNR": 10.0,
        "NWDNRW": 3.0,
        "NWDS56": 13.0,
        "NWDSM1224R": 7.0,
        "NWDST5": 13.0,
        "NWE3": 8.0,
        "NWE3BBBA2": 1.0,
        "NWE3BBBB": 1.0,
        "NWE3BBBCINCC": 3.0,
        "NWE3BBBDINCC": 6.0,
        "NWE3ID2A": 1.0,
        "NWE3ID2B": 1.0,
        "NWE3ID2C": 1.0,
        "NWE3ID2D": 3.0,
        "NWE3ID3A": 1.0,
        "NWE3ILICPLATE": 3.0,
        "NWE3INCCCPLATE": 2.0,
        "NWE3INCCDPLATE": 10.0,
        "NWE3INXCPLATE": 3.0,
        "NWE3TRIMKITA": 1.0,
        "NWE9024MCCFW": 2.0,
        "NWE90W": 5.0,
        "NWEBPS6A": 1.0,
        "NWEG1RFVM": 2.0,
        "NWEG4SVWN": 3.0,
        "NWEGCHDVM": 4.0,
        "NWEGCVWF": 1.0,
        "NWELSTWC": 24.0,
        "NWEPS401": 1.0,
        "NWET7024MCWFR": 1.0,
        "NWEZR0600": 3.0,
        "NWF010101P": 5.0,
        "NWF010102P": 11.0,
        "NWF012006P": 87.0,
        "NWF012010P": 33.0,
        "NWF012011P": 15.0,
        "NWF012012P0C": 3.0,
        "NWF012020P": 4.0,
        "NWF0122200": 10.0,
        "NWF0122300": 40.0,
        "NWF0122400": 65.0,
        "NWF0122500": 17.0,
        "NWF0122600": 32.0,
        "NWF0122700": 28.0,
        "NWF0122800": 16.0,
        "NWF0130000": 20.0,
        "NWF0130200": 6.0,
        "NWF0130400": 5.0,
        "NWF0130500": 10.0,
        "NWF0130600": 5.0,
        "NWF014006P": 72.0,
        "NWF014011P": 21.0,
        "NWF014013P0C": 1.0,
        "NWF014020": 24.0,
        "NWF014035P": 6.0,
        "NWF014101PE0": 2.0,
        "NWF0150200": 36.0,
        "NWF0152000": 13.0,
        "NWF0160200": 2.0,
        "NWF020001P": 14.0,
        "NWF020002P": 16.0,
        "NWF020003P": 1.0,
        "NWF020006P": 74.0,
        "NWF020010P": 8.0,
        "NWF020020P": 9.0,
        "NWF024001P": 8.0,
        "NWF024002P": 4.0,
        "NWF024006P": 27.0,
        "NWF024010GDR": 1.0,
        "NWF024010P": 1.0,
        "NWF024020G": 7.0,
        "NWF024020P": 2.0,
        "NWF024035P00": 1.0,
        "NWF030001P": 6.0,
        "NWF030002P": 5.0,
        "NWF030003P": 2.0,
        "NWF030006P": 44.0,
        "NWF030010P": 12.0,
        "NWF030020P": 2.0,
        "NWF040001G": 1.0,
        "NWF040001P": 16.0,
        "NWF040006P": 9.0,
        "NWF040010P": 7.0,
        "NWF040012P": 3.0,
        "NWF040013P": 6.0,
        "NWF050010P": 3.0,
        "NWF060001P": 2.0,
        "NWF060002P": 2.0,
        "NWF060006P": 1.0,
        "NWF060010P": 14.0,
        "NWF0683000": 2.0,
        "NWF0687000": 1.0,
        "NWF080006P": 7.0,
        "NWF080010P": 10.0,
        "NWF0950500": 28.0,
        "NWF100FJ": 2.0,
        "NWF1150100": 763.0,
        "NWF1150125": 375.0,
        "NWF1150150": 512.0,
        "NWF1150200": 540.0,
        "NWF1150250": 493.0,
        "NWF1150300": 73.0,
        "NWF1150400": 122.0,
        "NWF1150600": 63.0,
        "NWF1150800": 16.0,
        "NWF180SSU": 7.0,
        "NWF1FR56H1B": 6.0,
        "NWF1FR56H1C": 29.0,
        "NWF1FR56H2B": 22.0,
        "NWF1FR56H5B": 29.0,
        "NWF1FR56P1W": 82.0,
        "NWF1FR56P2B": 6.0,
        "NWF1FR56P2C": 21.0,
        "NWF1FR56P2W": 18.0,
        "NWF1FR56P3C": 1.0,
        "NWF1FR56P5W": 6.0,
        "NWF1FR56U1B": 19.0,
        "NWF1FR56U3B3": 2.0,
        "NWF1FR56U5B": 12.0,
        "NWF1FREC91WN": 2.0,
        "NWF1FRU3LB": 1.0,
        "NWF1FRU5LB3N": 1.0,
        "NWF3000037": 17.0,
        "NWF3000050": 39.0,
        "NWF3100037": 128.0,
        "NWF4201007": 44.0,
        "NWF500PSP": 6.0,
        "NWF500PSU": 4.0,
        "NWF5300A": 10.0,
        "NWF560615501": 3.0,
        "NWF56P1B": 13.0,
        "NWF56P1C": 24.0,
        "NWFA160CD10": 34.0,
        "NWFA160CD12": 107.0,
        "NWFA160CD14": 47.0,
        "NWFA160CDU": 44.0,
        "NWFA160CDX": 16.0,
        "NWFA87143B": 10.0,
        "NWFA89143B": 4.0,
        "NWFB02067P": 16.0,
        "NWFB26067P": 9.0,
        "NWFB29067P": 2.0,
        "NWFB31050P": 3.0,
        "NWFB4G": 29.0,
        "NWFB4H": 21.0,
        "NWFB4J": 13.0,
        "NWFB4K": 13.0,
        "NWFB9B": 32.0,
        "NWFB9D": 5.0,
        "NWFB9F": 31.0,
        "NWFB9G": 36.0,
        "NWFB9GD": 125.0,
        "NWFB9H": 82.0,
        "NWFB9HF": 5.0,
        "NWFB9HG": 31.0,
        "NWFB9J": 80.0,
        "NWFB9JD": 4.0,
        "NWFB9K": 69.0,
        "NWFB9KG": 2.0,
        "NWFB9KJ": 1.0,
        "NWFB9L": 6.0,
        "NWFB9N": 1.0,
        "NWFBBDB": 66.0,
        "NWFBBFD": 14.0,
        "NWFBBGF": 76.0,
        "NWFBBJH": 7.0,
        "NWFBCD": 11.0,
        "NWFBCG": 64.0,
        "NWFBCH": 15.0,
        "NWFBCJ": 4.0,
        "NWFBCK": 4.0,
        "NWFBCPD": 65.0,
        "NWFBCPF": 9.0,
        "NWFBCPG": 64.0,
        "NWFBCPH": 31.0,
        "NWFBCPJ": 10.0,
        "NWFBCPK": 15.0,
        "NWFBCPL": 1.0,
        "NWFBNDCL": 5.0,
        "NWFBNDF": 1.0,
        "NWFBNDJ": 6.0,
        "NWFBNDK": 3.0,
        "NWFBNDL": 4.0,
        "NWFBNDN": 4.0,
        "NWFBNDS": 4.0,
        "NWFBNFCL": 14.0,
        "NWFBNFK": 53.0,
        "NWFBNFL": 9.0,
        "NWFBNFM": 14.0,
        "NWFBNFP": 47.0,
        "NWFBNFS": 6.0,
        "NWFBNFT": 2.0,
        "NWFBNGCL": 84.0,
        "NWFBNGK": 50.0,
        "NWFBNGM": 4.0,
        "NWFBNGN": 6.0,
        "NWFBNGP": 48.0,
        "NWFBNGR": 11.0,
        "NWFBNGS": 18.0,
        "NWFBNGT": 7.0,
        "NWFBNGU": 3.0,
        "NWFBNGX": 7.0,
        "NWFBNHCL": 39.0,
        "NWFBNHK": 21.0,
        "NWFBNHM": 14.0,
        "NWFBNHN": 6.0,
        "NWFBNHP": 51.0,
        "NWFBNHS": 9.0,
        "NWFBNHU": 8.0,
        "NWFBNHX": 10.0,
        "NWFBNJCL": 4.0,
        "NWFBNJK": 9.0,
        "NWFBNJL": 10.0,
        "NWFBNJM": 10.0,
        "NWFBNJP": 1.0,
        "NWFBNKCL": 13.0,
        "NWFBNKL": 5.0,
        "NWFBNKM": 7.0,
        "NWFBNKN": 6.0,
        "NWFBNKP": 10.0,
        "NWFBNLCL": 7.0,
        "NWFBNLN": 13.0,
        "NWFBNLP": 2.0,
        "NWFBPD": 58.0,
        "NWFBPF": 88.0,
        "NWFBPG": 81.0,
        "NWFBPH": 13.0,
        "NWFBPJ": 15.0,
        "NWFBPK": 17.0,
        "NWFBPL": 5.0,
        "NWFBPP": 2.0,
        "NWFBR9D": 2.0,
        "NWFBR9H": 1.0,
        "NWFBRCAPD": 4.0,
        "NWFBRCD": 1.0,
        "NWFBRCF": 4.0,
        "NWFBRGD": 34.0,
        "NWFBRGF": 260.0,
        "NWFBRHG": 8.0,
        "NWFBRJG": 1.0,
        "NWFBRKH": 4.0,
        "NWFBRKJ": 9.0,
        "NWFBRNBJ": 2.0,
        "NWFBRNGY": 1.0,
        "NWFBRTD": 1.0,
        "NWFBRUD": 1.0,
        "NWFBTD": 6.0,
        "NWFBTF": 4.0,
        "NWFBTG": 104.0,
        "NWFBTGDG": 24.0,
        "NWFBTGFG": 3.0,
        "NWFBTGGD": 30.0,
        "NWFBTGGJ": 8.0,
        "NWFBTHGD": 1.0,
        "NWFBTHGF": 1.0,
        "NWFBTHGG": 15.0,
        "NWFBTHGH": 3.0,
        "NWFBTHHD": 24.0,
        "NWFBTHHG": 10.0,
        "NWFBTHHJ": 4.0,
        "NWFBTHHK": 1.0,
        "NWFBTJGD": 1.0,
        "NWFBTJGG": 2.0,
        "NWFBTJHF": 3.0,
        "NWFBTJHG": 5.0,
        "NWFBTJHJ": 1.0,
        "NWFBTJJD": 28.0,
        "NWFBTJJF": 1.0,
        "NWFBTJJG": 13.0,
        "NWFBTJJH": 3.0,
        "NWFBTJJK": 3.0,
        "NWFBTK": 7.0,
        "NWFBTKHG": 1.0,
        "NWFBTKHJ": 1.0,
        "NWFBTKJD": 2.0,
        "NWFBTKJF": 1.0,
        "NWFBTKKD": 8.0,
        "NWFBTKKF": 10.0,
        "NWFBTKKG": 10.0,
        "NWFBTKKH": 1.0,
        "NWFBTKKJ": 1.0,
        "NWFBUB": 6.0,
        "NWFBUD": 7.0,
        "NWFBUG": 15.0,
        "NWFBUH": 6.0,
        "NWFBUJ": 6.0,
        "NWFBUK": 11.0,
        "NWFC03050P": 2.0,
        "NWFC4D": 4.0,
        "NWFC4F": 6.0,
        "NWFC9D": 5.0,
        "NWFC9F": 3.0,
        "NWFC9G": 8.0,
        "NWFC9L": 2.0,
        "NWFCCAPG": 7.0,
        "NWFCCD": 5.0,
        "NWFCCG": 7.0,
        "NWFCICHG120": 1.0,
        "NWFCPS24S6RB": 1.0,
        "NWFCTFDF": 1.0,
        "NWFCTFFD": 1.0,
        "NWFCTG": 1.0,
        "NWFCTGGD": 1.0,
        "NWFD29050P": 1.0,
        "NWFD35050P": 1.0,
        "NWFD44050P": 2.0,
        "NWFE65050P": 2.0,
        "NWFE71050P": 2.0,
        "NWFF040003P": 8.0,
        "NWFFF879433": 4.0,
        "NWFG4D": 5.0,
        "NWFG4F": 4.0,
        "NWFG4G": 33.0,
        "NWFG4K": 1.0,
        "NWFG9F": 35.0,
        "NWFG9H": 9.0,
        "NWFG9HG": 2.0,
        "NWFG9J": 5.0,
        "NWFG9K": 12.0,
        "NWFG9KG": 1.0,
        "NWFGCAPD": 4.0,
        "NWFGCAPG": 30.0,
        "NWFGCG": 46.0,
        "NWFGCK": 1.0,
        "NWFGNDJ": 2.0,
        "NWFGNGP": 26.0,
        "NWFGNKP": 2.0,
        "NWFGNKU": 2.0,
        "NWFGPD": 22.0,
        "NWFGPG": 38.0,
        "NWFGPK": 1.0,
        "NWFGRCGD": 3.0,
        "NWFGRCGF": 2.0,
        "NWFGRCHD": 1.0,
        "NWFGRCHG": 1.0,
        "NWFGRCKG": 8.0,
        "NWFGTD": 14.0,
        "NWFGTF": 25.0,
        "NWFGTFDF": 1.0,
        "NWFGTG": 34.0,
        "NWFGTGGD": 13.0,
        "NWFGTJJD": 1.0,
        "NWFGTKJJ": 1.0,
        "NWFGTKKD": 1.0,
        "NWFGTKKG": 1.0,
        "NWFGUD": 5.0,
        "NWFGUF": 4.0,
        "NWFGUK": 4.0,
        "NWFHRLF": 438.0,
        "NWFL01143B": 21.0,
        "NWFL01409NGE0": 3.0,
        "NWFL02009NGE0": 1.0,
        "NWFL02409NGE0": 2.0,
        "NWFLWZ12": 337.0,
        "NWFLWZ38": 290.0,
        "NWFMM101": 8.0,
        "NWFP1LCN": 13.0,
        "NWFP451EGG": 30.0,
        "NWFP451EGJ": 4.0,
        "NWFP451EGK": 3.0,
        "NWFP451EGM": 9.0,
        "NWFP451EGN": 2.0,
        "NWFP451EGP": 2.0,
        "NWFRIGD0050": 44.0,
        "NWFRIGD0075": 42.0,
        "NWFRIGD0100": 40.0,
        "NWFRIGD0125": 86.0,
        "NWFRIGD0150": 34.0,
        "NWFRIGD0200": 9.0,
        "NWFRIGD0250": 38.0,
        "NWFRIGD0300": 37.0,
        "NWFRIGD0400": 67.0,
        "NWFRIGD0600": 9.0,
        "NWFSDRAIN": 6.0,
        "NWFSDROP": 124.0,
        "NWFSP851": 13.0,
        "NWFSRISERFSD": 1.0,
        "NWFTSJ100NST": 5.0,
        "NWFX270": 1.0,
        "NWG4HFWFS2VMC": 1.0,
        "NWG51B": 92.0,
        "NWG52B": 8.0,
        "NWG61B": 2.0,
        "NWG9B": 3.0,
        "NWG9GD": 23.0,
        "NWGAMD1": 1.0,
        "NWGAR52171RED": 192.0,
        "NWGATRC10": 990.0,
        "NWGATRD10": 668.0,
        "NWGATRE10": 100.0,
        "NWGB29922P": 1.0,
        "NWGBDB": 42.0,
        "NWGBFD": 1.0,
        "NWGBPPEA53BN": 10.5,
        "NWGC0392NP": 4.0,
        "NWGC1": 44.0,
        "NWGC3": 2.0,
        "NWGC3992NP": 7.0,
        "NWGCAPJ": 1.0,
        "NWGCAPL": 6.0,
        "NWGCAPP": 1.0,
        "NWGCB6092NP": 5.0,
        "NWGCB6492NP": 2.0,
        "NWGCB6792NP": 2.0,
        "NWGCC0192NP": 2.0,
        "NWGCC24CW": 14.0,
        "NWGCF": 1.0,
        "NWGCH": 19.0,
        "NWGCRD": 2.0,
        "NWGEC324WW": 10.0,
        "NWGEH24R": 2.0,
        "NWGES324WW": 17.0,
        "NWGF1B": 12.0,
        "NWGF1C": 9.0,
        "NWGFPS6": 1.0,
        "NWGGPPEA53F": 10.0,
        "NWGGPPEA53G": 53.0,
        "NWGGPPEA53H": 20.0,
        "NWGGPPEA53K": 15.0,
        "NWGGPPEA53M": 10.5,
        "NWGGPPEA53P": 15.0,
        "NWGL4229010": 4.0,
        "NWGL566120001": 2.0,
        "NWGNDCL": 6.0,
        "NWGNDK": 6.0,
        "NWGNDL": 2.0,
        "NWGNDM": 5.0,
        "NWGNDN": 3.0,
        "NWGNDP": 4.0,
        "NWGNDR": 4.0,
        "NWGNDS": 4.0,
        "NWGNDT": 4.0,
        "NWGNDU": 4.0,
        "NWGNFCL": 5.0,
        "NWGNFJ": 6.0,
        "NWGNFK": 5.0,
        "NWGNFL": 6.0,
        "NWGNFM": 5.0,
        "NWGNFN": 6.0,
        "NWGNFP": 5.0,
        "NWGNFR": 5.0,
        "NWGNFS": 5.0,
        "NWGNFT": 6.0,
        "NWGNFU": 5.0,
        "NWGNGK": 24.0,
        "NWGNGM": 1.0,
        "NWGNGN": 2.0,
        "NWGNGU": 3.0,
        "NWGNHP": 2.0,
        "NWGNKL": 1.0,
        "NWGNLS": 1.0,
        "NWGP1B": 9.0,
        "NWGP1C": 15.0,
        "NWGPB": 1.0,
        "NWGPJ": 1.0,
        "NWGRA135S10L": 105.0,
        "NWGRCDB": 5.0,
        "NWGRCPK": 2.0,
        "NWGSSPK24WLPR": 1.0,
        "NWGTFFD": 2.0,
        "NWGTHHD": 1.0,
        "NWGTHHG": 40.0,
        "NWGTK": 4.0,
        "NWGTKJH": 1.0,
        "NWGU0B": 10.0,
        "NWGU1LB": 4.0,
        "NWGU2LB": 4.0,
        "NWGVW0250": 2.0,
        "NWGVW0300": 1.0,
        "NWGWCZM400": 1.0,
        "NWGWIOM410": 1.0,
        "NWGWRAN400": 1.0,
        "NWGWRSI95": 1.0,
        "NWGX93W": 83.0,
        "NWH208210800": 2.0,
        "NWHIPRSW": 3.0,
        "NWHNG2Z12": 325.0,
        "NWHNG2Z38": 190.0,
        "NWHNR": 1.0,
        "NWHONCGWMBB": 1.0,
        "NWHP03210412": 6.0,
        "NWHPFF12": 2.0,
        "NWHPFPS10": 2.0,
        "NWHPFPS6": 2.0,
        "NWHSR": 2.0,
        "NWHSW": 13.0,
        "NWHWLLF": 1.0,
        "NWI300": 1.0,
        "NWIBCF": 10.0,
        "NWIBFFK": 13.0,
        "NWIBNPU": 2.0,
        "NWIBRCKJ": 1.0,
        "NWIBTDDF": 10.0,
        "NWIDPHEATW": 18.0,
        "NWIDPMONITOR": 49.0,
        "NWIDPPULLDA": 13.0,
        "NWIDPRELAY": 40.0,
        "NWILIMBE3": 3.0,
        "NWILISE3": 6.0,
        "NWINIVGC": 3.0,
        "NWINIVGX": 1.0,
        "NWJ112U1B": 19.0,
        "NWJL171B": 11.0,
        "NWK0407510PR": 1.0,
        "NWK270DPO": 6.0,
        "NWKFR56H2B": 2.0,
        "NWKNOXCAP": 5.0,
        "NWKS5208": 2.0,
        "NWL010075P": 14.0,
        "NWL010108P": 57.0,
        "NWL012005G": 2.0,
        "NWL012005P": 35.0,
        "NWL01209NGE0": 3.0,
        "NWL01209NP": 26.0,
        "NWL014005P": 35.0,
        "NWL014075P": 52.0,
        "NWL020005P": 22.0,
        "NWL020075P": 29.0,
        "NWL02009NP": 70.0,
        "NWL024005P": 54.0,
        "NWL024075P": 25.0,
        "NWL02409NP": 29.0,
        "NWL030005P": 19.0,
        "NWL030075P": 23.0,
        "NWL03009NP": 45.0,
        "NWL040005P": 43.0,
        "NWL040075P": 8.0,
        "NWL04009NP": 27.0,
        "NWL040741P": 8.0,
        "NWL050005P": 5.0,
        "NWL060005P": 1.0,
        "NWL060075P": 6.0,
        "NWL06009NP": 8.0,
        "NWL060741P": 11.0,
        "NWL080005P": 6.0,
        "NWL080075P": 5.0,
        "NWL080741P": 4.0,
        "NWLB60072P": 1.0,
        "NWLB67750P": 5.0,
        "NWLC00072P": 2.0,
        "NWLC38072P": 1.0,
        "NWLC43750P": 12.0,
        "NWLC43750PE0": 3.0,
        "NWLC49750P": 6.0,
        "NWLCDE3": 2.0,
        "NWLD22072M": 2.0,
        "NWLD22072P": 2.0,
        "NWLD29750P": 11.0,
        "NWLD44750P": 3.0,
        "NWLE16750PE0": 2.0,
        "NWLE79750P": 4.0,
        "NWLE90750P": 2.0,
        "NWLF47750P": 4.0,
        "NWLH04020": 46.0,
        "NWLH06020": 9.0,
        "NWLH10020": 5.0,
        "NWLH12020": 15.0,
        "NWLI4LPLNX": 2.0,
        "NWLSF150SP": 1.0,
        "NWM500X": 2.0,
        "NWMBB6": 3.0,
        "NWMCSCO3": 3.0,
        "NWMDF300": 1.0,
        "NWMDL3R": 2.0,
        "NWMHR": 1.0,
        "NWMMF300": 9.0,
        "NWMMI10F": 6.0,
        "NWMMI6SF": 4.0,
        "NWMMO6RF": 6.0,
        "NWMMO6SF": 4.0,
        "NWMP120KL": 2.0,
        "NWMR101CR": 8.0,
        "NWMR201CR": 2.0,
        "NWMS151": 1.0,
        "NWMS5UD3": 1.0,
        "NWMS7": 2.0,
        "NWMS7AF": 10.0,
        "NWMT4115": 1.0,
        "NWNA6FEX": 1.0,
        "NWNBGZ1RF8H": 3.0,
        "NWNFP1006WH": 79.0,
        "NWNFP1102B": 50.0,
        "NWNFP1404J": 2.0,
        "NWNFP140804": 2.0,
        "NWNGA": 3.0,
        "NWNL2K00C": 6.0,
        "NWNL40004": 25.0,
        "NWNWBNFJ": 18.0,
        "NWOEPPS1640": 3.0,
        "NWOSYSU1": 3.0,
        "NWOSYSU2": 1.0,
        "NWOSYSY2": 3.0,
        "NWP2GRKLED": 3.0,
        "NWP2RL": 6.0,
        "NWP2RLLF": 9.0,
        "NWP2WL": 45.0,
        "NWP2WLLF": 5.0,
        "NWP4RL": 2.0,
        "NWPAD1006DB": 10.0,
        "NWPAD100DRTS": 4.0,
        "NWPAD100HD": 2.0,
        "NWPAD100LED": 1.0,
        "NWPAD100MIM": 5.0,
        "NWPAD100PSSA": 1.0,
        "NWPAD300HD": 9.0,
        "NWPAD300PD": 20.0,
        "NWPAE8": 1.0,
        "NWPBA12010": 3.0,
        "NWPBA1206": 1.0,
        "NWPBA2410": 3.0,
        "NWPC2RK": 2.0,
        "NWPC2WL": 3.0,
        "NWPC2WLED": 25.0,
        "NWPCVS2": 1.0,
        "NWPEA135S10H": 30.0,
        "NWPFC4064": 1.0,
        "NWPM9": 1.0,
        "NWPPEA135S40G": 64.4,
        "NWPPEA135S40K": 39.0,
        "NWPPEA135S40M": 11.0,
        "NWPRGRA135S10H": 250.0,
        "NWPRGRA135S10J": 136.5,
        "NWPRGRA135S10K": 105.0,
        "NWPRGRA135S10L": 42.0,
        "NWPRGRA135S10M": 57.5,
        "NWPRN7": 1.0,
        "NWPS102": 1.0,
        "NWPS402A": 2.0,
        "NWPSDA": 1.0,
        "NWPSE10": 1.0,
        "NWPSN64": 1.0,
        "NWR610H": 9.0,
        "NWR610T": 12.0,
        "NWRA100Z": 2.0,
        "NWRA6075R": 2.0,
        "NWRES1157000": 179.0,
        "NWRFC30": 1.0,
        "NWRFC49": 50.0,
        "NWRFC492": 398.0,
        "NWRFC492LL": 87.0,
        "NWRFC582": 10.0,
        "NWRFS42": 2.0,
        "NWRIGD0800EG": 3.0,
        "NWRK1375R": 1.0,
        "NWRK212350": 3.0,
        "NWRK212375CK1": 1.0,
        "NWRK4350PK": 1.0,
        "NWRK4375CK1": 1.0,
        "NWRPTE3UTP": 4.0,
        "NWRSS24MCWFW": 2.0,
        "NWRSSWP2475WFR": 1.0,
        "NWRSSWP24MCCHFR": 2.0,
        "NWRTS151": 1.0,
        "NWRTS151KEY": 11.0,
        "NWRTS451": 1.0,
        "NWS000760183": 1.0,
        "NWS004746005": 1.0,
        "NWS014746001": 2.0,
        "NWS24WR": 2.0,
        "NWS271BJS420": 1.0,
        "NWS65DC3024": 1.0,
        "NWSCRK": 6.0,
        "NWSCRL": 61.0,
        "NWSCWKLED": 1.0,
        "NWSCWL": 66.0,
        "NWSCWLED": 29.0,
        "NWSD355": 2.0,
        "NWSD365": 1.0,
        "NWSD500AIM": 2.0,
        "NWSD500ARM": 1.0,
        "NWSD500MIM": 10.0,
        "NWSD505PHOTO": 67.0,
        "NWSE30P00020": 1.0,
        "NWSHD23235": 17.0,
        "NWSK5217": 1.0,
        "NWSK5235": 1.0,
        "NWSK5496": 2.0,
        "NWSK5860": 2.0,
        "NWSK5860R": 1.0,
        "NWSK6808": 2.0,
        "NWSK6815": 1.0,
        "NWSK6860": 1.0,
        "NWSKCONTROL": 8.0,
        "NWSKDUCT": 7.0,
        "NWSKDUCTW": 14.0,
        "NWSKFIRECOW": 2.0,
        "NWSKHEAT": 2.0,
        "NWSKMINIMON": 12.0,
        "NWSKMON10": 2.0,
        "NWSKMONITOR": 3.0,
        "NWSKPHOTO": 3.0,
        "NWSKPHOTORW": 1.0,
        "NWSKPS10": 1.0,
        "NWSKRELAY": 13.0,
        "NWSKRELAYMON2": 5.0,
        "NWSKSD500PSDA": 1.0,
        "NWSKZONE": 4.0,
        "NWSKZONE6": 3.0,
        "NWSLA1055": 14.0,
        "NWSLA1075": 284.0,
        "NWSLA1104": 20.0,
        "NWSLA1115": 6.0,
        "NWSLA1116": 16.0,
        "NWSLA1185": 2.0,
        "NWSLCPM": 20.0,
        "NWSPCRL": 722.0,
        "NWSPCW": 2.0,
        "NWSPCWL": 12.0,
        "NWSPKSTR24CLPW": 8.0,
        "NWSPKSTR24WLPW": 1.0,
        "NWSPSCWK": 6.0,
        "NWSPSCWL": 1.0,
        "NWSPSCWLED": 7.0,
        "NWSPSWK": 11.0,
        "NWSPSWL": 24.0,
        "NWSPSWLED": 15.0,
        "NWSPWL": 3.0,
        "NWSR6": 91.0,
        "NWSRLED": 17.0,
        "NWSSM2410": 2.0,
        "NWSSPK24CLPR": 7.0,
        "NWSSU00481BP": 106.0,
        "NWSSU00672": 1.0,
        "NWSSU00685": 6.0,
        "NWST7882S12Z2S1": 40.0,
        "NWSTHMCRWP": 1.0,
        "NWSTI3150": 1.0,
        "NWSTORZ4": 3.0,
        "NWSTORZ5X4": 2.0,
        "NWSTORZ5X5": 4.0,
        "NWSTR": 2.0,
        "NWSTW": 12.0,
        "NWSTWC": 2.0,
        "NWSWLALERT": 3.0,
        "NWT80001": 24.0,
        "NWT80026": 24.0,
        "NWT80051": 40.0,
        "NWTCB025LF": 15.0,
        "NWTCBV012LF": 14.0,
        "NWTG7FEM": 2.0,
        "NWTG7FM": 1.0,
        "NWTGPFM": 1.0,
        "NWTK9015": 6.0,
        "NWU99SK": 1.0,
        "NWV010728CT0": 4.0,
        "NWVAIRSF": 33.0,
        "NWVF014010": 14.0,
        "NWVF024003P": 9.0,
        "NWVFB05067P": 2.0,
        "NWVFC49050P00": 3.0,
        "NWVFF38050P": 1.0,
        "NWVL030744PE0": 2.0,
        "NWVL040005GE0": 6.0,
        "NWVS014753001NR": 1.0,
        "NWVS561YFQ411": 3.0,
        "NWVSE10000040": 140.0,
        "NWVSR25": 1.0,
        "NWVWATERSF": 372.0,
        "NWWBBB": 10.0,
        "NWWFD20": 1.0,
        "NWWFDNFS": 8.0,
        "NWXLPC": 7.0,
        "NWY088024": 52.0,
        "NWY234012GP": 47.0,
        "NWY234020GP": 109.0,
        "NWY338005": 19.0,
        "NWY338204": 4.0,
        "NWY34000AE": 13.0,
        "NWY34000AE1": 12.0,
        "NWY340800": 35.0,
        "NWY3410003E": 43.0,
        "NWY379010015": 11.0,
        "NWY379010020": 14.0,
        "NWY379010024": 3.0,
        "NWY379010030": 15.0,
        "NWY379010080": 2.0,
        "NWZ3004ILMSA": 2.0,
        "P2WLED": 21.0,
        "SKIDPACB": 1.0,
        "TEST": 210.0,
        "TFS": 1.0,
        "NW4201011": -2.0,
        "NW4201013": -1.0,
        "NW4201014": -4.0,
        "NW4201016": -5.0,
        "NW4201017": -2.0,
        "NW4201018": -3.0,
        "NW4201019": -1.0,
        "NW4201021": -2.0,
        "NW4201022": -3.0,
        "NW4201023": -1.0,
        "NW4201024": -4.0,
        "NW4201026": -1.0,
        "NW4201027": -3.0,
        "NW4201028": -2.0,
        "NW4201029": -1.0,
        "NW4201030": -5.0,
        "NW4201031": -2.0,
        "NW4201032": -1.0,
        "NW4201033": -4.0,
        "NW4201034": -2.0,
        "NW4201035": -1.0,
        "NW4201036": -6.0,
        "NW4201037": -3.0,
        "NW4201038": -2.0,
        "NW4201039": -1.0,
        "NW4201040": -5.0,
        "NW4201041": -3.0,
        "NW4201042": -2.0,
        "NW4201043": -1.0,
        "NW4201044": -1.0,
        "NW4201045": -4.0,
        "NW4201046": -2.0,
        "NW4201047": -1.0,
        "NW4201048": -3.0,
        "NW4201049": -2.0,
        "NW4201050": -4.0,
        "NW4201051": -1.0,
        "NW4201052": -2.0,
        "NW4201053": -3.0,
        "NW4201054": -1.0,
        "NW4201055": -5.0,
        "NW4201056": -2.0,
        "NW4201057": -1.0,
        "NW4201058": -2.0,
        "NW4201059": -3.0,
        "NW4201060": -1.0,
        "NW4201061": -2.0,
        "NW4201062": -1.0,
        "NW4201063": -1.0,
        "NW4201064": -4.0,
        "NW4201065": -2.0,
        "NW4201066": -1.0,
        "NW4201067": -2.0,
        "NW4201068": -3.0,
        "NW4201069": -2.0,
        "NW4201070": -1.0,
        "NW4201071": -3.0,
        "NW4201072": -1.0,
        "NW4201073": -5.0,
        "NW4201074": -2.0,
        "NW4201075": -1.0,
        "NW4201076": -2.0,
        "NW4201077": -4.0,
        "NW4201078": -3.0,
        "NW4201079": -2.0,
        "NW4201080": -1.0,
        "NW4201081": -3.0,
        "NW4201082": -2.0,
        "NW4201083": -1.0,
        "NW4201084": -2.0,
        "NW4201085": -1.0,
        "NW4201086": -4.0,
        "NW4201087": -2.0,
        "NW4201088": -1.0,
        "NW4201089": -2.0,
        "NW4201090": -3.0,
        "NW4201091": -2.0,
        "NW4201092": -1.0,
        "NW4201093": -2.0,
        "NW4201094": -3.0,
        "NW4201095": -2.0,
        "NW4201096": -1.0,
        "NW4201097": -2.0,
        "NW4201098": -1.0,
        "NW4201099": -5.0,
        "NW4201100": -2.0
    },
    "02 STOCK PIPE": {
        "NWB071521DGRV": 6405.0,
        "NWB072521DGRV": 3150.0
    },
    "03 Jeff McGuire": {
        "NW0950600": 5.0,
        "NW125SULD": 1.0,
        "NW14R113FC": 3.0,
        "NW410AD": 2.0,
        "NW410AF": 1.0,
        "NW410AG": 3.0,
        "NW4201010": 3.0,
        "NW420230G": 2.0,
        "NW4206007": 10.0,
        "NW4206010": 12.0,
        "NW4217010": 5.0,
        "NW4229007": 6.0,
        "NW4229010": 9.0,
        "NW4247007": 4.0,
        "NW4247010": 7.0,
        "NW512019155": 7.0,
        "NW512119155": 5.0,
        "NW567059011": 8.0,
        "NW567154010": 4.0,
        "NW573781200": 4.0,
        "NW575719155": 4.0,
        "NW65DC3040": 1.0,
        "NW773701200": 7.0,
        "NW773714286": 3.0,
        "NW773719155": 10.0,
        "NW775701200": 3.0,
        "NW775711200": 4.0,
        "NW80300T": 3.0,
        "NWA000AQFINB": 10.0,
        "NWA000AQFRE4": 2.0,
        "NWA36HAQFBA2": 1.0,
        "NWA48HAQFBA2": 7.0,
        "NWA72HAQFBA2": 1.0,
        "NWBNBK": 6.0,
        "NWBNBM": 5.0,
        "NWBNBP": 5.0,
        "NWBNDM": 2.0,
        "NWBNDP": 2.0,
        "NWBNDU": 4.0,
        "NWBRKG": 2.0,
        "NWBSB10015RC": 1.0,
        "NWBTH": 1.0,
        "NWCB02922Y": 2.0,
        "NWCB05922Y": 1.0,
        "NWCB26922Y": 1.0,
        "NWCB29922Y": 1.0,
        "NWCC00922Y": 1.0,
        "NWCC0092NP": 1.0,
        "NWCC3892NP": 2.0,
        "NWCD2592NP": 2.0,
        "NWF012006P": 1.0,
        "NWF0122200": 1.0,
        "NWF014006P": 2.0,
        "NWF020006P": 3.0,
        "NWF024006P": 1.0,
        "NWF030006P": 3.0,
        "NWF040006P": 2.0,
        "NWF0950500": 1.0,
        "NWF1150100": 18.0,
        "NWF1150125": 6.0,
        "NWF1150150": 7.0,
        "NWF1150200": 5.0,
        "NWF1150250": 4.0,
        "NWF1150300": 4.0,
        "NWF1150400": 3.0,
        "NWF1150600": 1.0,
        "NWF3000037": 11.0,
        "NWF3000050": 2.0,
        "NWF4201007": 3.0,
        "NWF5300A": 2.0,
        "NWFA160CD10": 3.0,
        "NWFA160CD12": 6.0,
        "NWFA160CD14": 2.0,
        "NWFB4K": 1.0,
        "NWFB9B": 5.0,
        "NWFB9D": 8.0,
        "NWFB9F": 4.0,
        "NWFB9G": 24.0,
        "NWFB9GD": 4.0,
        "NWFB9H": 4.0,
        "NWFB9HF": 1.0,
        "NWFB9J": 2.0,
        "NWFB9K": 2.0,
        "NWFBBDB": 3.0,
        "NWFBBFD": 2.0,
        "NWFBBGD": 4.0,
        "NWFBBGF": 4.0,
        "NWFBCD": 3.0,
        "NWFBCG": 4.0,
        "NWFBCH": 1.0,
        "NWFBCK": 1.0,
        "NWFBCPD": 3.0,
        "NWFBCPF": 1.0,
        "NWFBCPG": 4.0,
        "NWFBCPH": 1.0,
        "NWFBCPJ": 1.0,
        "NWFBCPK": 4.0,
        "NWFBNDCL": 4.0,
        "NWFBNDJ": 3.0,
        "NWFBNDK": 2.0,
        "NWFBNDS": 1.0,
        "NWFBNFCL": 3.0,
        "NWFBNFK": 7.0,
        "NWFBNFL": 5.0,
        "NWFBNFM": 2.0,
        "NWFBNFP": 4.0,
        "NWFBNFU": 1.0,
        "NWFBNGCL": 5.0,
        "NWFBNGK": 13.0,
        "NWFBNGL": 2.0,
        "NWFBNGM": 10.0,
        "NWFBNGN": 4.0,
        "NWFBNGP": 14.0,
        "NWFBNGR": 2.0,
        "NWFBNGS": 5.0,
        "NWFBNGT": 4.0,
        "NWFBNGU": 6.0,
        "NWFBNGX": 2.0,
        "NWFBNHCL": 1.0,
        "NWFBNHK": 1.0,
        "NWFBNHP": 1.0,
        "NWFBNJCL": 1.0,
        "NWFBNJK": 1.0,
        "NWFBNJM": 1.0,
        "NWFBNJP": 1.0,
        "NWFBNKCL": 1.0,
        "NWFBNKL": 1.0,
        "NWFBNKP": 1.0,
        "NWFBPD": 16.0,
        "NWFBPF": 6.0,
        "NWFBPG": 18.0,
        "NWFBPH": 4.0,
        "NWFBPJ": 4.0,
        "NWFBPK": 4.0,
        "NWFBRGD": 6.0,
        "NWFBRGF": 8.0,
        "NWFBTD": 6.0,
        "NWFBTF": 3.0,
        "NWFBTG": 8.0,
        "NWFBTGDG": 1.0,
        "NWFBTGGD": 1.0,
        "NWFBTHGG": 1.0,
        "NWFBTHHG": 1.0,
        "NWFBTJHG": 1.0,
        "NWFBTJJG": 1.0,
        "NWFBTKKG": 1.0,
        "NWFBUB": 1.0,
        "NWFBUD": 5.0,
        "NWFBUG": 3.0,
        "NWFBUH": 1.0,
        "NWFFF879433": 2.0,
        "NWFG9D": 1.0,
        "NWFG9F": 4.0,
        "NWFG9G": 1.0,
        "NWFGPD": 5.0,
        "NWFGPF": 6.0,
        "NWFGPG": 4.0,
        "NWFGTD": 4.0,
        "NWFGTF": 3.0,
        "NWFGUD": 3.0,
        "NWFGUF": 2.0,
        "NWFPVBRRGD": 6.0,
        "NWFPVBRSTG": 6.0,
        "NWFRIGD0050": 1.0,
        "NWFRIGD0075": 1.0,
        "NWFRIGD0100": 4.0,
        "NWFRIGD0125": 1.0,
        "NWFRIGD0150": 1.0,
        "NWFRIGD0200": 2.0,
        "NWG4GD": 1.0,
        "NWGATRC10": 60.0,
        "NWGATRD10": 10.0,
        "NWGPB": 7.0,
        "NWGU3B": 1.0,
        "NWL010075P": 1.0,
        "NWL01209NP": 1.0,
        "NWL01409NP": 3.0,
        "NWL02009NP": 1.0,
        "NWL024005P": 2.0,
        "NWL024075P": 1.0,
        "NWL030005P": 2.0,
        "NWL040005P": 2.0,
        "NWL060005P": 2.0,
        "NWNL40004": 2.0,
        "NWOSYSU2": 1.0,
        "NWPPEA135S40G": 40.0,
        "NWPPEA135S40H": 10.0,
        "NWPPEA135S40J": 8.0,
        "NWPPEA135S40K": 10.0,
        "NWPRGRA135S10L": 2.0,
        "NWPRGRA135S10M": 1.0,
        "NWPRGRA135S10P": 2.0,
        "NWPRGRA135S10U": 1.0,
        "NWVAIRSF": 8.0,
        "NWVWATERSF": 20.0
    },
    "04 Brian McGuire": {
        "NW0950600": 2.0,
        "NW1157000": 10.0,
        "NW1158000": 10.0,
        "NW14R113FC": 3.0,
        "NW216P-4": 1.0,
        "NW410AG": 1.0,
        "NW4201010": 4.0,
        "NW4201012": 7.0,
        "NW4201015": 1.0,
        "NW4202010": 5.0,
        "NW4206010": 10.0,
        "NW4206012": 4.0,
        "NW4206015": 2.0,
        "NW4229010": 8.0,
        "NW4229012": 6.0,
        "NW4229015": 1.0,
        "NW4237168": 1.0,
        "NW4237211": 1.0,
        "NW4247007": 5.0,
        "NW4247010": 8.0,
        "NW4257010": 6.0,
        "NW4257012": 1.0,
        "NW4257015": 1.0,
        "NW575781155": 4.0,
        "NW575781200": 3.0,
        "NW773701155": 14.0,
        "NW773701200": 4.0,
        "NW773719155": 20.0,
        "NW80301T": 20.0,
        "NWBSB10015RC": 1.0,
        "NWBTGGH": 1.0,
        "NWBTJ": 1.0,
        "NWCB05922Y": 7.0,
        "NWCB29922Y": 7.0,
        "NWCB60922Y": 10.0,
        "NWCC00922Y": 1.0,
        "NWF012006P": 3.0,
        "NWF020001P": 2.0,
        "NWF024001P": 2.0,
        "NWF024006P": 4.0,
        "NWF030006P": 1.0,
        "NWF040006P": 1.0,
        "NWF0950500": 2.0,
        "NWF1150100": 1.0,
        "NWF1150200": 11.0,
        "NWF1150250": 9.0,
        "NWF1150400": 4.0,
        "NWF1150600": 3.0,
        "NWF1FR56U1B": 9.0,
        "NWF3000037": 16.0,
        "NWF3100037": 1.0,
        "NWFA160CD14": 3.0,
        "NWFA160CDX": 16.0,
        "NWFB4G": 2.0,
        "NWFB9G": 13.0,
        "NWFB9GD": 2.0,
        "NWFB9H": 9.0,
        "NWFB9HG": 3.0,
        "NWFB9J": 3.0,
        "NWFB9JG": 2.0,
        "NWFBCPG": 1.0,
        "NWFBCPJ": 2.0,
        "NWFBNGCL": 5.0,
        "NWFBNGK": 8.0,
        "NWFBNGM": 6.0,
        "NWFBNGN": 1.0,
        "NWFBNGP": 14.0,
        "NWFBNHCL": 3.0,
        "NWFBNHK": 2.0,
        "NWFBNHP": 1.0,
        "NWFBNHX": 2.0,
        "NWFBPD": 7.0,
        "NWFBPF": 10.0,
        "NWFBPG": 9.0,
        "NWFBPH": 9.0,
        "NWFBPJ": 15.0,
        "NWFBPK": 5.0,
        "NWFBRGD": 13.0,
        "NWFBRGF": 3.0,
        "NWFBTG": 11.0,
        "NWFBTHGD": 1.0,
        "NWFBTHHD": 3.0,
        "NWFBTHHG": 7.0,
        "NWFBTJHG": 1.0,
        "NWFBTJJD": 1.0,
        "NWFBTKKG": 1.0,
        "NWFBUB": 2.0,
        "NWFBUD": 4.0,
        "NWFBUG": 2.0,
        "NWFPVBRRGD": 3.0,
        "NWFPVBRUG": 1.0,
        "NWFRIGD0050": 5.0,
        "NWFRIGD0100": 2.0,
        "NWFRIGD0125": 5.0,
        "NWFRIGD0200": 4.0,
        "NWFRIGD0250": 3.0,
        "NWFRIGD0300": 3.0,
        "NWL01209NP": 6.0,
        "NWL01409NP": 1.0,
        "NWL020075P": 2.0,
        "NWL02009NP": 4.0,
        "NWL024005P": 1.0,
        "NWL024075P": 2.0,
        "NWL030005P": 3.0,
        "NWL060005P": 1.0,
        "NWL06009NP": 2.0,
        "NWPRGRA135S10L": 1.1,
        "NWSR6": 3.0,
        "NWVAIRSF": 2.0,
        "NWVWATERSF": 15.0
    },
    "05 Al Bernard": {
        "NW0745000": 2.0,
        "NW410AG": 1.0,
        "NW4206007": 1.0,
        "NW4206010": 1.0,
        "NW4229010": 1.0,
        "NW4229015": 1.0,
        "NW4247010": 1.0,
        "NW510721155": 1.0,
        "NW531131165": 1.0,
        "NW560115502": 13.0,
        "NW561520001": 2.0,
        "NW573701286": 1.0,
        "NW573781155": 1.0,
        "NW65DC3060": 1.0,
        "NW65DE3020": 1.0,
        "NW773701200": 6.0,
        "NW773701286": 1.0,
        "NW773719155": 10.0,
        "NW80301T": 2.0,
        "NWA240AB2000": 4.0,
        "NWA48HAQFBA2": 3.0,
        "NWB980PLND": 2.0,
        "NWCB05922Y": 2.0,
        "NWCB29922Y": 5.0,
        "NWCB60922Y": 2.0,
        "NWCC3892NP": 2.0,
        "NWCD2292NP": 1.0,
        "NWCD2592NP": 1.0,
        "NWCE65920P": 1.0,
        "NWF010101P": 3.0,
        "NWF020001P": 2.0,
        "NWF020006P": 1.0,
        "NWF030006P": 2.0,
        "NWF040006P": 1.0,
        "NWF1150100": 5.0,
        "NWF1150125": 5.0,
        "NWF1150150": 10.0,
        "NWF1150200": 5.0,
        "NWF1150250": 3.0,
        "NWF1150300": 3.0,
        "NWF1150400": 2.0,
        "NWF3000037": 5.0,
        "NWF3000050": 5.0,
        "NWF5300A": 1.0,
        "NWFB9D": 1.0,
        "NWFB9F": 1.0,
        "NWFB9GD": 5.0,
        "NWFB9K": 2.0,
        "NWFBBGD": 2.0,
        "NWFBCG": 7.0,
        "NWFBCPG": 8.0,
        "NWFBNDL": 5.0,
        "NWFBNGCL": 10.0,
        "NWFBNGK": 2.0,
        "NWFBNGL": 3.0,
        "NWFBNGN": 4.0,
        "NWFBNGP": 4.0,
        "NWFBNGU": 7.0,
        "NWFBNKP": 2.0,
        "NWFBPD": 18.0,
        "NWFBPF": 2.0,
        "NWFBPG": 5.0,
        "NWFBPH": 10.0,
        "NWFBPJ": 7.0,
        "NWFBPK": 4.0,
        "NWFBPL": 1.0,
        "NWFBRGD": 2.0,
        "NWFBTG": 5.0,
        "NWFBTJJG": 1.0,
        "NWFBTJJH": 1.0,
        "NWFRIGD0250": 1.0,
        "NWFRIGD0300": 7.0,
        "NWG51B": 2.0,
        "NWL010108P": 1.0,
        "NWL020005P": 1.0,
        "NWL03009NP": 6.0,
        "NWS65DC3024": 1.0,
        "NWSHD23235": 1.0,
        "NWVAIRSF": 7.0,
        "NWVWATERSF": 8.0,
        "NWY34000AE": 2.0
    },
    "06 Calvin Hood": {
        "6YB1FEX": 3.0,
        "NB1FEX": 1.0,
        "NWSLA1075": 14.0
    },
    "07 Jesse Sharp": {
        "NW5601P": 4.0,
        "NW72105UM": 1.0,
        "NWOEPPS1640": 1.0,
        "NWSLA1075": 52.0,
        "NWSLA1115": 2.0
    },
    "08 SHINN STOCK PIPE": {
        "NWB071521DGRV": 325.5
    },
    "09 Andre Harding": {
        "NB1FEX": 5.0
    },
    "10 Gary Wilson": {
        "NW14R113FC": 2.0,
        "NW216P-4": 1.0,
        "NW410AG": 2.0,
        "NW4201010": 3.0,
        "NW4206010": 3.0,
        "NW4229010": 2.0,
        "NW4235010": 2.0,
        "NW4247010": 3.0,
        "NW480AB200N": 4.0,
        "NWA240AB2000": 5.0,
        "NWA48HAQFBA2": 1.0,
        "NWBBHF": 1.0,
        "NWBBJH": 2.0,
        "NWBNJN": 1.0,
        "NWBSB10015RC": 2.0,
        "NWF1150100": 5.0,
        "NWF1150125": 5.0,
        "NWF1150200": 7.0,
        "NWF1150250": 11.0,
        "NWF1150300": 5.0,
        "NWF5300A": 1.0,
        "NWFB9G": 27.0,
        "NWFB9GD": 2.0,
        "NWFBBJH": 1.0,
        "NWFBCPG": 1.0,
        "NWFBNGCL": 8.0,
        "NWFBNGK": 1.0,
        "NWFBNGM": 1.0,
        "NWFBNGN": 2.0,
        "NWFBNGP": 7.0,
        "NWFBNGS": 1.0,
        "NWFBNGT": 1.0,
        "NWFBNGU": 1.0,
        "NWFBNGX": 2.0,
        "NWFBNKCL": 1.0,
        "NWFBPD": 14.0,
        "NWFBPG": 6.0,
        "NWFBPH": 2.0,
        "NWFBPK": 4.0,
        "NWFBTGGD": 1.0
    },
    "11 Nathan Thomas": {
        "NW5601P": 1.0,
        "NW5602": 1.0,
        "NWGX93W": 2.0,
        "NWSLA1075": 18.0,
        "NWSLA1104": 2.0
    },
    "12 Sean Connors": {
        "NWSLA1075": 2.0
    },
    "13 Cody Kundert": {
        "6YB1FEX": 2.0,
        "HSB1FEX": 2.0
    },
    "14 Marlon Jones": {
        "NW0728000": 3.0,
        "NW101L": 17.0,
        "NW14R113FC": 3.0,
        "NW216P-4": 2.0,
        "NW30W": 1.0,
        "NW410AG": 1.0,
        "NW4201010": 2.0,
        "NW4206007": 1.0,
        "NW4206010": 8.0,
        "NW4206012": 2.0,
        "NW4217010": 6.0,
        "NW4229007": 1.0,
        "NW4235010": 4.0,
        "NW4235130GS": 1.0,
        "NW4236010": 4.0,
        "NW4247007": 2.0,
        "NW4247010": 4.0,
        "NW4257010": 4.0,
        "NW4257012": 2.0,
        "NW4257020": 1.0,
        "NW49W": 1.0,
        "NW49WN": 1.0,
        "NW512124155": 7.0,
        "NW567154010": 2.0,
        "NW573781200": 2.0,
        "NW755MF1": 1.0,
        "NW775719155": 7.0,
        "NW80301T": 10.0,
        "NW80302T": 6.0,
        "NWA240AB2000": 2.0,
        "NWA48HAQFBA2": 2.0,
        "NWB9GF": 2.0,
        "NWBBHG": 1.0,
        "NWBNDM": 5.0,
        "NWBNDP": 9.0,
        "NWBNJN": 3.0,
        "NWBRCHD": 2.0,
        "NWBRCHF": 1.0,
        "NWBRKG": 2.0,
        "NWBTHHF": 1.0,
        "NWCB29922Y": 6.0,
        "NWCB6092NP": 1.0,
        "NWCC00922Y": 1.0,
        "NWF014006P": 4.0,
        "NWF020006P": 2.0,
        "NWF024006P": 2.0,
        "NWF030006P": 3.0,
        "NWF0950500": 2.0,
        "NWF1150100": 6.0,
        "NWF1150125": 3.0,
        "NWF1150150": 8.0,
        "NWF1150200": 7.0,
        "NWF1150250": 5.0,
        "NWF1150300": 4.0,
        "NWF1150400": 2.0,
        "NWF1FR56H2B": 2.0,
        "NWF1FR56P1B": 7.0,
        "NWF1FR56P1C": 5.0,
        "NWF3000037": 2.0,
        "NWF3000050": 2.0,
        "NWF5300A": 3.0,
        "NWFB4G": 2.0,
        "NWFB9G": 7.0,
        "NWFB9GD": 6.0,
        "NWFB9H": 2.0,
        "NWFB9HG": 1.0,
        "NWFB9J": 2.0,
        "NWFBBGD": 2.0,
        "NWFBBGF": 5.0,
        "NWFBBJH": 1.0,
        "NWFBBKG": 1.0,
        "NWFBCPG": 5.0,
        "NWFBNDF": 1.0,
        "NWFBNDL": 2.0,
        "NWFBNDN": 1.0,
        "NWFBNFCL": 3.0,
        "NWFBNFK": 8.0,
        "NWFBNFM": 2.0,
        "NWFBNFP": 11.0,
        "NWFBNFS": 4.0,
        "NWFBNFT": 6.0,
        "NWFBNGCL": 4.0,
        "NWFBNGK": 5.0,
        "NWFBNGL": 7.0,
        "NWFBNGM": 10.0,
        "NWFBNGP": 10.0,
        "NWFBNGU": 1.0,
        "NWFBNHCL": 2.0,
        "NWFBNHK": 3.0,
        "NWFBNHP": 1.0,
        "NWFBNJCL": 1.0,
        "NWFBNJK": 1.0,
        "NWFBNKCL": 4.0,
        "NWFBPD": 6.0,
        "NWFBPF": 6.0,
        "NWFBPG": 1.0,
        "NWFBPH": 4.0,
        "NWFBPJ": 4.0,
        "NWFBPK": 1.0,
        "NWFBRGD": 3.0,
        "NWFBRGF": 2.0,
        "NWFBRHG": 1.0,
        "NWFBTG": 3.0,
        "NWFBTGDG": 3.0,
        "NWFBTGFG": 1.0,
        "NWFBTHGF": 1.0,
        "NWFBTHGG": 1.0,
        "NWFBTHHD": 1.0,
        "NWFBTHHG": 3.0,
        "NWFBTJGG": 1.0,
        "NWFBUG": 4.0,
        "NWFBUH": 3.0,
        "NWFBUK": 1.0,
        "NWFPVBRSTG": 2.0,
        "NWFRIGD0100": 2.0,
        "NWFRIGD0125": 2.0,
        "NWFRIGD0150": 1.0,
        "NWGF1B": 4.0,
        "NWGF1C": 6.0,
        "NWGP1B": 3.0,
        "NWGP1C": 1.0,
        "NWL012005P": 2.0,
        "NWL01209NP": 2.0,
        "NWL014005P": 1.0,
        "NWL01409NP": 3.0,
        "NWL020005P": 1.0,
        "NWL02009NP": 4.0,
        "NWL02409NP": 1.0,
        "NWL030005P": 2.0,
        "NWL03009NP": 5.0,
        "NWL040005P": 2.0,
        "NWL04009NP": 2.0,
        "NWL050005P": 1.0,
        "NWL060005P": 1.0,
        "NWL06009NP": 1.0,
        "NWNFP1006WH": 20.0,
        "NWPPEA135S40G": 16.0,
        "NWPPEA135S40H": 4.0,
        "NWPPEA135S40J": 4.0,
        "NWPPEA135S40K": 5.0,
        "NWVAIRSF": 2.0,
        "NWVWATERSF": 3.0
    },
    "15 Bryce Parker": {
        "NW14R113FC": 2.0,
        "NW216P-4": 2.0,
        "NW25301811": 11.0,
        "NW4201010": 9.0,
        "NW4206007": 5.0,
        "NW4206010": 13.0,
        "NW4229007": 6.0,
        "NW480AB200N": 13.0,
        "NW80300T": 10.0,
        "NW80301T": 12.0,
        "NWA48HAQFBA2": 3.0,
        "NWB29922P": 7.0,
        "NWBSB10015RC": 1.0,
        "NWCB05922Y": 6.0,
        "NWCDS4P007D": 1.0,
        "NWF024006P": 2.0,
        "NWF1150100": 13.0,
        "NWF1150150": 6.0,
        "NWF1150250": 8.0,
        "NWFB9G": 31.0,
        "NWFBCG": 6.0,
        "NWFBNGK": 15.0,
        "NWFBNGM": 4.0,
        "NWFBNGP": 15.0,
        "NWFBPG": 3.0,
        "NWFBPJ": 1.0,
        "NWFBRGD": 2.0,
        "NWFBTG": 3.0,
        "NWFBTHHG": 1.0,
        "NWFBUG": 2.0,
        "NWFBUH": 1.0,
        "NWFBUJ": 1.0,
        "NWGATRC10": 20.0,
        "NWL02009NP": 1.0,
        "NWPPEA135S40G": 15.0,
        "NWVAIRSF": 5.0,
        "NWVWATERSF": 9.0
    },
    "16 OPEN": {
        "6YB1FEX": 4.0,
        "NWTCB025LF": 2.0,
        "NWTCBV012LF": 1.0
    },
    "17 Dean Troyer": {
        "NW1192": 2.0,
        "NW1198": 2.0,
        "NW4201010": 3.0,
        "NW4229010": 2.0,
        "NW4247010": 2.0,
        "NW531139165": 1.0,
        "NW773701155": 4.0,
        "NW773701200": 2.0,
        "NW773719155": 4.0,
        "NWCB29922Y": 2.0,
        "NWCB60922Y": 2.0,
        "NWF1150100": 10.0,
        "NWF1150125": 6.0,
        "NWF1150150": 6.0,
        "NWF1150200": 4.0,
        "NWF1150300": 1.0,
        "NWF1150400": 2.0,
        "NWFB4G": 1.0,
        "NWFB9G": 6.0,
        "NWFB9GD": 12.0,
        "NWFB9H": 1.0,
        "NWFB9J": 1.0,
        "NWFBCG": 2.0,
        "NWFBCJ": 1.0,
        "NWFBCPG": 4.0,
        "NWFBCPK": 1.0,
        "NWFBNGK": 3.0,
        "NWFBNGL": 2.0,
        "NWFBNGM": 1.0,
        "NWFBNGP": 2.0,
        "NWFBNGR": 2.0,
        "NWFBNGU": 2.0,
        "NWFBNHCL": 1.0,
        "NWFBNHK": 1.0,
        "NWFBNHM": 2.0,
        "NWFBNJK": 1.0,
        "NWFBNKM": 1.0,
        "NWFBPD": 6.0,
        "NWFBPF": 1.0,
        "NWFBPG": 6.0,
        "NWFBPH": 2.0,
        "NWFBPJ": 2.0,
        "NWFBPK": 2.0,
        "NWFBRGD": 4.0,
        "NWFBRGF": 2.0,
        "NWFBTG": 4.0,
        "NWFBTGDG": 1.0,
        "NWFBTGGD": 1.0,
        "NWFBTJJG": 1.0,
        "NWFBUG": 1.0,
        "NWGATRC10": 30.0,
        "NWL02409NP": 1.0,
        "NWL03009NP": 1.0,
        "NWL06009NP": 2.0,
        "NWPPEA135S40G": 6.0,
        "NWPPEA135S40H": 10.0,
        "NWPRGRA135S10H": 10.0,
        "NWPRGRA135S10J": 10.0,
        "NWPRGRA135S10K": 4.0,
        "NWSR6": 10.0
    },
    "18 Chris English": {
        "NW2WB": 1.0,
        "NWMIZ24SW": 1.0,
        "NWOEPPS1640": 1.0,
        "NWSLA1075": 2.0
    },
    "19 OPEN": {
        "NW761320": 1.0,
        "NW761360A": 1.0,
        "NW767960A": 3.0,
        "NWGAR52171RED": 10.0,
        "NWGCC24CW": 1.0,
        "NWP2WL": 1.0,
        "NWSLA1075": 12.0,
        "NWSSU00481BP": 8.0
    },
    "20 John Hernandez": {
        "NWBGB": 2.0
    },
    "22 Devon Fox": {
        "GF1W": 5.0,
        "NW4202010": 2.0,
        "NW4207130": 3.0,
        "NW4229010": 22.0,
        "NW4235130GS": 6.0,
        "NW4247010": 10.0,
        "NW567054010": 5.0,
        "NWCG50W": 5.0
    },
    "23 Dante Nelson": {
        "NW363193558": 3.0,
        "NW4201010": 2.0,
        "NW4206010": 20.0,
        "NW4229010": 4.0,
        "NW65DC3020": 1.0,
        "NWCB05922Y": 13.0,
        "NWCB29922Y": 3.0,
        "NWCB6492NP": 1.0,
        "NWCC3892NP": 1.0,
        "NWCD2292NP": 1.0,
        "NWCE65920P": 1.0,
        "NWF010101P": 4.0,
        "NWF010102P": 3.0,
        "NWF014006P": 20.0,
        "NWF020001P": 2.0,
        "NWF020002P": 2.0,
        "NWF020006P": 4.0,
        "NWF024002P": 1.0,
        "NWF024006P": 2.0,
        "NWF030001P": 3.0,
        "NWF030006P": 2.0,
        "NWF030010P": 1.0,
        "NWF040006P": 1.0,
        "NWF1150100": 20.0,
        "NWF1150125": 8.0,
        "NWF1150200": 3.0,
        "NWF1150250": 1.0,
        "NWF1150300": 3.0,
        "NWF1150400": 2.0,
        "NWF3000037": 4.0,
        "NWF3000050": 2.0,
        "NWFA160CD10": 3.0,
        "NWFB9G": 20.0,
        "NWFB9HG": 2.0,
        "NWFB9J": 15.0,
        "NWFB9JG": 3.0,
        "NWFBBGD": 1.0,
        "NWFBBGF": 1.0,
        "NWFBCG": 4.0,
        "NWFBCH": 2.0,
        "NWFBCPD": 2.0,
        "NWFBCPF": 1.0,
        "NWFBCPG": 25.0,
        "NWFBCPH": 7.0,
        "NWFBCPJ": 1.0,
        "NWFBCPK": 2.0,
        "NWFBNGK": 6.0,
        "NWFBNGM": 14.0,
        "NWFBNGU": 1.0,
        "NWFBNKL": 1.0,
        "NWFBPD": 3.0,
        "NWFBPG": 10.0,
        "NWFBPH": 5.0,
        "NWFBPJ": 4.0,
        "NWFBPK": 5.0,
        "NWFBTG": 4.0,
        "NWFBTGDG": 2.0,
        "NWFBUB": 1.0,
        "NWFBUD": 1.0,
        "NWFBUG": 3.0,
        "NWFRIGD0100": 2.0,
        "NWFRIGD0125": 2.0,
        "NWFRIGD0150": 2.0,
        "NWFRIGD0200": 1.0,
        "NWFRIGD0400": 1.0,
        "NWGCD2592NP": 4.0,
        "NWL010108P": 3.0,
        "NWL01209NP": 1.0,
        "NWL014005P": 6.0,
        "NWL020005P": 6.0,
        "NWL02009NP": 2.0,
        "NWL02409NP": 3.0,
        "NWL040005P": 2.0,
        "NWL04009NP": 1.0,
        "NWLD35750P": 1.0,
        "NWSR6": 5.0,
        "NWVF014010": 1.0
    },
    "24 Jeremy Ferrebee": {
        "NW761360A": 3.0,
        "NW762380": 1.0,
        "NW767960A": 2.0,
        "NW77FACPA": 1.0,
        "NWAMM2IF": 2.0,
        "NWAMM2RIF": 1.0,
        "NWAOM2SF": 1.0,
        "NWGAR52171RED": 5.0,
        "NWGCS24CR": 1.0,
        "NWSKMINIMON": 1.0,
        "NWSKMONITOR": 1.0,
        "NWSLA1075": 5.0,
        "NWSLA1104": 2.0,
        "NWSLA1115": 2.0,
        "NWSSU00481BP": 13.0,
        "NWSSU00689": 1.0
    },
    "25 Loaner": {
        "NW2WB": 2.0,
        "NW5601P": 2.0,
        "NWGX93W": 8.0,
        "NWSLA1075": 21.0,
        "NWSLA1115": 4.0,
        "NWSSU00481BP": 2.0
    },
    "26 Allec Barrow": {
        "6YB1FEX": 1.0,
        "HSB1FEX": 1.0,
        "NWSLA1075": 6.0
    },
    "27 Jason Ellif": {
        "NW101L": 10.0,
        "NW102": 5.0,
        "NW23707AE": 1.0,
        "NW23763AE": 1.0,
        "NW25301801": 70.0,
        "NW25301811": 20.0,
        "NW2530291": 20.0,
        "NW3CAB": 2.0,
        "NW410AB": 1.0,
        "NW410AD": 2.0,
        "NW410AG": 1.0,
        "NW410AH": 1.0,
        "NW4201010": 36.0,
        "NW4201012": 2.0,
        "NW4201015": 2.0,
        "NW4201158": 2.0,
        "NW4201168": 2.0,
        "NW4201211": 1.0,
        "NW4202010": 2.0,
        "NW4206010": 60.0,
        "NW4206012": 2.0,
        "NW4207130": 8.0,
        "NW4213010": 10.0,
        "NW4216010": 10.0,
        "NW4217010": 3.0,
        "NW4217012": 2.0,
        "NW4220010": 2.0,
        "NW4220012": 1.0,
        "NW4229010": 26.0,
        "NW4233012": 1.0,
        "NW4233015": 1.0,
        "NW4235007": 1.0,
        "NW4235010": 6.0,
        "NW4235012": 1.0,
        "NW4235015": 1.0,
        "NW4235130GS": 14.0,
        "NW4235131": 2.0,
        "NW4236007": 1.0,
        "NW4236010": 2.0,
        "NW4236012": 1.0,
        "NW4236015": 1.0,
        "NW4237131": 6.0,
        "NW4237168": 1.0,
        "NW4237211": 1.0,
        "NW4237212": 1.0,
        "NW4238130G": 8.0,
        "NW4247010": 24.0,
        "NW4247012": 6.0,
        "NW4247015": 4.0,
        "NW4247020": 2.0,
        "NW4257010": 10.0,
        "NW4257012": 1.0,
        "NW4257015": 1.0,
        "NW44W5N": 1.0,
        "NW560001078": 1.0,
        "NW773701155": 6.0,
        "NW773701286": 4.0,
        "NW773714155": 6.0,
        "NW773719155": 6.0,
        "NW7M99001906": 10.0,
        "NW7M99001911": 20.0,
        "NW80301T": 6.0,
        "NW8150922": 10.0,
        "NWB29PGG": 20.0,
        "NWBGB": 1.0,
        "NWBNDP": 5.0,
        "NWBNJN": 1.0,
        "NWF012006P": 2.0,
        "NWF014006P": 2.0,
        "NWF020006P": 2.0,
        "NWF024006P": 2.0,
        "NWF030006P": 2.0,
        "NWF040006P": 2.0,
        "NWF060006P": 1.0,
        "NWF0950500": 2.0,
        "NWF1150100": 6.0,
        "NWF1150125": 6.0,
        "NWF1150150": 6.0,
        "NWF1150200": 6.0,
        "NWF1150250": 6.0,
        "NWF1150300": 6.0,
        "NWF1150400": 2.0,
        "NWF1150600": 2.0,
        "NWF1FR56H1W": 6.0,
        "NWF1FR56U1B": 4.0,
        "NWF1FR56U2B": 4.0,
        "NWF1FR56U5B": 4.0,
        "NWFB4G": 1.0,
        "NWFB9B": 2.0,
        "NWFB9D": 2.0,
        "NWFB9F": 2.0,
        "NWFB9G": 8.0,
        "NWFB9H": 2.0,
        "NWFBBGF": 1.0,
        "NWFBCG": 4.0,
        "NWFBNDK": 2.0,
        "NWFBNGK": 1.0,
        "NWFBNGS": 1.0,
        "NWFBNHCL": 2.0,
        "NWFBNHK": 2.0,
        "NWFBNJCL": 2.0,
        "NWFBNJL": 1.0,
        "NWFBNJM": 1.0,
        "NWFBNJP": 1.0,
        "NWFBPD": 8.0,
        "NWFBPG": 6.0,
        "NWFBTD": 2.0,
        "NWFBTF": 2.0,
        "NWFBTG": 5.0,
        "NWFBTHGG": 2.0,
        "NWFBUG": 4.0,
        "NWFG4G": 1.0,
        "NWFLWZ12": 5.0,
        "NWFLWZ38": 10.0,
        "NWFRIGD0100": 2.0,
        "NWFSDROP": 4.0,
        "NWGL4229010": 1.0,
        "NWGNBCL": 6.0,
        "NWGNBJ": 6.0,
        "NWGNBK": 6.0,
        "NWGNBL": 6.0,
        "NWGNBM": 6.0,
        "NWGNBN": 6.0,
        "NWGNBP": 6.0,
        "NWGNBR": 6.0,
        "NWGNBS": 6.0,
        "NWGNBT": 6.0,
        "NWHNG2Z12": 5.0,
        "NWHNG2Z38": 10.0,
        "NWIGNBU": 6.0,
        "NWL01409NP": 4.0,
        "NWL02009NP": 4.0,
        "NWL024005P": 4.0,
        "NWL03009NP": 4.0,
        "NWL04009NP": 4.0,
        "NWL06009NP": 2.0,
        "NWRFC492": 7.0,
        "NWSHD23235": 1.0,
        "NWVAIRSF": 10.0,
        "NWVWATERSF": 6.0
    },
    "29 Open": {
        "NW020705100": 1.0,
        "NW101L": 8.0,
        "NW2530291": 50.0,
        "NW410AG": 2.0,
        "NW4201010": 23.0,
        "NW4201168": 3.0,
        "NW4202010": 3.0,
        "NW4202130G": 3.0,
        "NW4206010": 44.0,
        "NW4206015": 11.0,
        "NW4207130": 2.0,
        "NW4216010": 16.0,
        "NW4217010": 20.0,
        "NW4217015": 4.0,
        "NW4220010": 2.0,
        "NW4229010": 3.0,
        "NW4229012": 2.0,
        "NW4229015": 1.0,
        "NW4233015": 1.0,
        "NW4235015": 1.0,
        "NW4235130GS": 14.0,
        "NW4236010": 2.0,
        "NW4236012": 1.0,
        "NW4237168": 1.0,
        "NW4237211": 2.0,
        "NW4238130G": 17.0,
        "NW4247010": 6.0,
        "NW4257010": 2.0,
        "NW4257012": 1.0,
        "NW4257015": 1.0,
        "NW44W5N": 6.0,
        "NWCG50W": 22.0,
        "NWFBBGD": 3.0,
        "NWFBCJ": 1.0,
        "NWFBTG": 1.0,
        "NWFBUG": 1.0,
        "NWFRIGD0100": 2.0,
        "NWGF2W": 3.0,
        "NWRFC492": 13.0,
        "NWVWATERSF": 1.0,
        "NWW8": 1.0
    },
    "30 Jeffrey Cochran": {
        "6YB1FEX": 1.0
    },
    "31 Tom Murphy": {
        "6YB1FEX": 3.0,
        "NW0950600": 2.0,
        "NWFBBGD": 3.0,
        "NWSLA1075": 2.0,
        "NWSLA1104": 2.0,
        "NWVAIRSF": 2.0,
        "NWVWATERSF": 4.0
    },
    "32 Cade Little": {
        "NW5603": 1.0,
        "NWGX93W": 2.0,
        "NWPC2WLED": 1.0,
        "NWSLA1075": 8.0
    },
    "34 Colby Fasoli": {
        "NWF0950500": 3.0,
        "NWFBBDB": 1.0,
        "NWFBNFCL": 1.0,
        "NWFBNGU": 1.0,
        "NWFBPH": 1.0,
        "NWFBRGD": 1.0,
        "NWFBRGF": 1.0,
        "NWSLA1075": 16.0,
        "NWVAIRSF": 5.0,
        "NWVWATERSF": 4.0
    },
    "35 Alex Comms": {
        "NW761323": 1.0,
        "NW767960A": 1.0,
        "NWGAR52171RED": 32.0,
        "NWPC2WLED": 2.0,
        "NWSLA1075": 2.0,
        "NWSLA1104": 1.0,
        "NWSSU00481BP": 4.0
    },
    "37 Caleb Kundert": {
        "6YB1FEX": 6.0,
        "HSB1FEX": 4.0,
        "NB1FEX": 1.0
    },
    "38 Andy Dickerman": {
        "NW149008": 1.0,
        "NW149009": 1.0,
        "NW216P-4": 2.0,
        "NW410AD": 1.0,
        "NW410AF": 2.0,
        "NW410AG": 2.0,
        "NW4201010": 2.0,
        "NW4206007": 4.0,
        "NW4206010": 3.0,
        "NW4229007": 7.0,
        "NW4229010": 4.0,
        "NW4229015": 1.0,
        "NW4235010": 2.0,
        "NW4235130GS": 3.0,
        "NW4247010": 4.0,
        "NW4257007": 4.0,
        "NW4257010": 2.0,
        "NW517921155": 1.0,
        "NW518939155": 1.0,
        "NW518961155": 1.0,
        "NW531139165": 1.0,
        "NW567154010": 4.0,
        "NW567159010": 4.0,
        "NW56792X135": 1.0,
        "NW573701175": 1.0,
        "NW573701200": 1.0,
        "NW573901286": 12.0,
        "NW65DC3030": 1.0,
        "NW773701155": 3.0,
        "NW773701200": 14.0,
        "NW773701286": 1.0,
        "NW773714155": 4.0,
        "NW773719155": 1.0,
        "NW775701155": 1.0,
        "NW775711200": 1.0,
        "NW80175RS2": 2.0,
        "NW80300T": 20.0,
        "NW80301T": 20.0,
        "NW80302T": 8.0,
        "NW80303T": 8.0,
        "NW80304T": 10.0,
        "NWA240AB1ADJ": 2.0,
        "NWA48HAQFBA2": 2.0,
        "NWBNDM": 3.0,
        "NWBNDP": 3.0,
        "NWBSB10015RC": 2.0,
        "NWCB29922Y": 1.0,
        "NWCD2292NP": 2.0,
        "NWF012006P": 1.0,
        "NWF014006P": 1.0,
        "NWF020006P": 1.0,
        "NWF024006P": 1.0,
        "NWF030006P": 1.0,
        "NWF040006P": 1.0,
        "NWF060006P": 2.0,
        "NWF0950500": 1.0,
        "NWF1150100": 5.0,
        "NWF1150125": 4.0,
        "NWF1150150": 4.0,
        "NWF1150200": 5.0,
        "NWF1150250": 5.0,
        "NWF1150300": 3.0,
        "NWF1150400": 3.0,
        "NWF1150600": 1.0,
        "NWF3000037": 3.0,
        "NWF4201007": 6.0,
        "NWF5300A": 1.0,
        "NWFB9B": 4.0,
        "NWFB9D": 4.0,
        "NWFB9G": 6.0,
        "NWFB9H": 5.0,
        "NWFB9K": 1.0,
        "NWFBBGD": 3.0,
        "NWFBBGF": 1.0,
        "NWFBCG": 8.0,
        "NWFBCPH": 2.0,
        "NWFBNDCL": 3.0,
        "NWFBNDJ": 4.0,
        "NWFBNDK": 3.0,
        "NWFBNDL": 3.0,
        "NWFBNDN": 3.0,
        "NWFBNGCL": 5.0,
        "NWFBNGK": 12.0,
        "NWFBNGL": 14.0,
        "NWFBNGM": 14.0,
        "NWFBNGN": 2.0,
        "NWFBNGP": 30.0,
        "NWFBNGR": 3.0,
        "NWFBNGS": 1.0,
        "NWFBNGT": 1.0,
        "NWFBNGX": 1.0,
        "NWFBNHM": 1.0,
        "NWFBPD": 1.0,
        "NWFBPF": 2.0,
        "NWFBPG": 6.0,
        "NWFBPJ": 1.0,
        "NWFBPK": 2.0,
        "NWFBRGD": 6.0,
        "NWFBTG": 11.0,
        "NWFBTHHG": 1.0,
        "NWFBUD": 3.0,
        "NWFBUG": 2.0,
        "NWFFF879433": 4.0,
        "NWFGNDJ": 6.0,
        "NWFPVBRRGD": 2.0,
        "NWFPVBRSTG": 2.0,
        "NWGATRC10": 90.0,
        "NWGF1C": 5.0,
        "NWGNDCL": 6.0,
        "NWGNDK": 6.0,
        "NWGNDL": 6.0,
        "NWGNDM": 6.0,
        "NWGNDN": 6.0,
        "NWGNDP": 6.0,
        "NWGNDR": 6.0,
        "NWGNDS": 6.0,
        "NWGNDT": 6.0,
        "NWGNDU": 6.0,
        "NWL01209NP": 1.0,
        "NWL014075P": 2.0,
        "NWL01409NP": 2.0,
        "NWL020005P": 1.0,
        "NWL020075P": 2.0,
        "NWL02009NP": 1.0,
        "NWL024075P": 2.0,
        "NWL030005P": 2.0,
        "NWL030075P": 1.0,
        "NWL03009NP": 3.0,
        "NWL040005P": 2.0,
        "NWL04009NP": 2.0,
        "NWL060075P": 1.0,
        "NWL06009NP": 1.0,
        "NWNL40004": 1.0,
        "NWPPEA135S40G": 10.0,
        "NWPPEA135S40H": 8.0,
        "NWST7882S12Z2S1": 8.0,
        "NWSTORZ5X4": 1.0,
        "NWT80175RS": 3.0,
        "NWVAIRSF": 22.0,
        "NWVWATERSF": 32.0
    }
}