{
  "42775494": {
    "Job_Number": 42775494,
    "Job_Name": "Stratus",
    "Status": "scheduled"
  },
  "42717115": {
    "Job_Number": 42717115,
    "Job_Name": "Redmond Town Center B",
    "Status": "scheduled"
  },
  "42714659": {
    "Job_Number": 42714659,
    "Job_Name": "Viktoria Apartments",
    "Status": "scheduled"
  },
  "42689458": {
    "Job_Number": 42689458,
    "Job_Name": "Providence Point - Washington Village",
    "Status": "scheduled"
  },
  "42656397": {
    "Job_Number": 42656397,
    "Job_Name": "Evolve Apartments",
    "Status": "scheduled"
  },
  "42649978": {
    "Job_Number": 42649978,
    "Job_Name": "Little Creek Casino Resort",
    "Status": "scheduled"
  },
  "42647655": {
    "Job_Number": 42647655,
    "Job_Name": "SP Columbia City (Angeline)",
    "Status": "scheduled"
  },
  "42636079": {
    "Job_Number": 42636079,
    "Job_Name": "Covington Senior Place",
    "Status": "scheduled"
  },
  "42635122": {
    "Job_Number": 42635122,
    "Job_Name": "Northwest Fire Systems",
    "Status": "scheduled"
  },
  "42632749": {
    "Job_Number": 42632749,
    "Job_Name": "Northwest Fire Systems",
    "Status": "scheduled"
  },
  "42632474": {
    "Job_Number": 42632474,
    "Job_Name": "196th Corridor Building",
    "Status": "scheduled"
  },
  "42584899": {
    "Job_Number": 42584899,
    "Job_Name": "Courtyard Marriott - Lynnwood",
    "Status": "scheduled"
  },
  "42566106": {
    "Job_Number": 42566106,
    "Job_Name": "West Edge Apartments",
    "Status": "scheduled"
  },
  "42509022": {
    "Job_Number": 42509022,
    "Job_Name": "Mountlake Terrace Elementary",
    "Status": "scheduled"
  },
  "42493575": {
    "Job_Number": 42493575,
    "Job_Name": "Providence Point - Forest Village",
    "Status": "scheduled"
  },
  "42486748": {
    "Job_Number": 42486748,
    "Job_Name": "Meadowdale Middle School",
    "Status": "scheduled"
  },
  "42455657": {
    "Job_Number": 42455657,
    "Job_Name": "Polar Service Centers",
    "Status": "scheduled"
  },
  "42440388": {
    "Job_Number": 42440388,
    "Job_Name": "Genie",
    "Status": "scheduled"
  },
  "42416958": {
    "Job_Number": 42416958,
    "Job_Name": "U.S. Coast Guard Station Port Angles",
    "Status": "scheduled"
  },
  "42415603": {
    "Job_Number": 42415603,
    "Job_Name": "Nightingale Apartments",
    "Status": "scheduled"
  },
  "42400315": {
    "Job_Number": 42400315,
    "Job_Name": "Providence Point - Town Hall",
    "Status": "scheduled"
  },
  "42386175": {
    "Job_Number": 42386175,
    "Job_Name": "Waterscape Juanita Village",
    "Status": "scheduled"
  },
  "42386033": {
    "Job_Number": 42386033,
    "Job_Name": "Hyatt At Olive 8",
    "Status": "scheduled"
  },
  "42385306": {
    "Job_Number": 42385306,
    "Job_Name": "Genie",
    "Status": "scheduled"
  },
  "42382981": {
    "Job_Number": 42382981,
    "Job_Name": "Axle Apartments",
    "Status": "scheduled"
  },
  "42368526": {
    "Job_Number": 42368526,
    "Job_Name": "The Olivian",
    "Status": "scheduled"
  },
  "42365892": {
    "Job_Number": 42365892,
    "Job_Name": "Arlo Apartments",
    "Status": "scheduled"
  },
  "42341659": {
    "Job_Number": 42341659,
    "Job_Name": "Mitsui-Soko (USA) Inc.",
    "Status": "scheduled"
  },
  "42334248": {
    "Job_Number": 42334248,
    "Job_Name": "Silver Reef Casino Resort",
    "Status": "scheduled"
  },
  "42328054": {
    "Job_Number": 42328054,
    "Job_Name": "Fairfax Hospital",
    "Status": "scheduled"
  },
  "42322780": {
    "Job_Number": 42322780,
    "Job_Name": "Northwest Fire Systems",
    "Status": "scheduled"
  },
  "42305862": {
    "Job_Number": 42305862,
    "Job_Name": "St James Episcopal Church",
    "Status": "scheduled"
  },
  "42304196": {
    "Job_Number": 42304196,
    "Job_Name": "Sunrise Haven",
    "Status": "scheduled"
  },
  "42290421": {
    "Job_Number": 42290421,
    "Job_Name": "Illumina Apartment Homes",
    "Status": "scheduled"
  },
  "42265260": {
    "Job_Number": 42265260,
    "Job_Name": "Aurora Square",
    "Status": "scheduled"
  },
  "42245721": {
    "Job_Number": 42245721,
    "Job_Name": "Illumina Apartment Homes",
    "Status": "scheduled"
  },
  "42236027": {
    "Job_Number": 42236027,
    "Job_Name": "Willows Court Apartments",
    "Status": "scheduled"
  },
  "42231981": {
    "Job_Number": 42231981,
    "Job_Name": "Fairfield Inn and Suites",
    "Status": "scheduled"
  },
  "42230337": {
    "Job_Number": 42230337,
    "Job_Name": "Viktoria Apartments",
    "Status": "scheduled"
  },
  "42201271": {
    "Job_Number": 42201271,
    "Job_Name": "1515 Dexter Ave N",
    "Status": "scheduled"
  },
  "42190613": {
    "Job_Number": 42190613,
    "Job_Name": "The Village Senior Living",
    "Status": "scheduled"
  },
  "42109909": {
    "Job_Number": 42109909,
    "Job_Name": "Spire Georgetown Center LP",
    "Status": "scheduled"
  },
  "42109376": {
    "Job_Number": 42109376,
    "Job_Name": "Marketside Flats",
    "Status": "scheduled"
  },
  "42094906": {
    "Job_Number": 42094906,
    "Job_Name": "Stratus",
    "Status": "scheduled"
  },
  "42091541": {
    "Job_Number": 42091541,
    "Job_Name": "The Hemlock",
    "Status": "scheduled"
  },
  "42088313": {
    "Job_Number": 42088313,
    "Job_Name": "Courtyard by Marriott Seattle Northgate",
    "Status": "scheduled"
  },
  "42087310": {
    "Job_Number": 42087310,
    "Job_Name": "St James Episcopal Church",
    "Status": "scheduled"
  },
  "42071695": {
    "Job_Number": 42071695,
    "Job_Name": "Maple Court Condominiums",
    "Status": "scheduled"
  },
  "42070587": {
    "Job_Number": 42070587,
    "Job_Name": "POSM Bellevue Real Property LLC",
    "Status": "scheduled"
  },
  "42057479": {
    "Job_Number": 42057479,
    "Job_Name": "Dorian Apartments",
    "Status": "scheduled"
  },
  "42051147": {
    "Job_Number": 42051147,
    "Job_Name": "Fremont Peak",
    "Status": "scheduled"
  },
  "42050505": {
    "Job_Number": 42050505,
    "Job_Name": "Expedia Facilities - Seattle",
    "Status": "scheduled"
  },
  "42049503": {
    "Job_Number": 42049503,
    "Job_Name": "Northwest Fire Systems",
    "Status": "scheduled"
  },
  "42033633": {
    "Job_Number": 42033633,
    "Job_Name": "Elan 41 Apartments",
    "Status": "scheduled"
  },
  "42016372": {
    "Job_Number": 42016372,
    "Job_Name": "4-Plex Plancarte",
    "Status": "scheduled"
  },
  "41968574": {
    "Job_Number": 41968574,
    "Job_Name": "Seattle Airport Marriott",
    "Status": "scheduled"
  },
  "41965929": {
    "Job_Number": 41965929,
    "Job_Name": "AV Lofts",
    "Status": "scheduled"
  },
  "41788899": {
    "Job_Number": 41788899,
    "Job_Name": "Northwest Fire Systems",
    "Status": "scheduled"
  },
  "41786549": {
    "Job_Number": 41786549,
    "Job_Name": "Northwest Fire Systems",
    "Status": "scheduled"
  },
  "41779720": {
    "Job_Number": 41779720,
    "Job_Name": "Northwest Fire Systems",
    "Status": "scheduled"
  },
  "41773672": {
    "Job_Number": 41773672,
    "Job_Name": "Viktoria Apartments",
    "Status": "scheduled"
  },
  "41738859": {
    "Job_Number": 41738859,
    "Job_Name": "North at Totem Lake Apartments",
    "Status": "scheduled"
  },
  "41737969": {
    "Job_Number": 41737969,
    "Job_Name": "TownePlace Suites Mukilteo",
    "Status": "scheduled"
  },
  "41737894": {
    "Job_Number": 41737894,
    "Job_Name": "TIW ATCT (SFAS)",
    "Status": "scheduled"
  },
  "41737727": {
    "Job_Number": 41737727,
    "Job_Name": "The Village at Totem Lake ~ Bldg B",
    "Status": "scheduled"
  },
  "41737505": {
    "Job_Number": 41737505,
    "Job_Name": "The GOAT Apartments Building E",
    "Status": "scheduled"
  },
  "41737457": {
    "Job_Number": 41737457,
    "Job_Name": "The GOAT Apartments Building D",
    "Status": "scheduled"
  },
  "41737400": {
    "Job_Number": 41737400,
    "Job_Name": "The GOAT Apartments Building B",
    "Status": "scheduled"
  },
  "41737334": {
    "Job_Number": 41737334,
    "Job_Name": "The GOAT Apartments Building A",
    "Status": "scheduled"
  },
  "41736693": {
    "Job_Number": 41736693,
    "Job_Name": "Stratus",
    "Status": "scheduled"
  },
  "41734599": {
    "Job_Number": 41734599,
    "Job_Name": "Real Life Church",
    "Status": "scheduled"
  },
  "41733064": {
    "Job_Number": 41733064,
    "Job_Name": "Radius Apartments",
    "Status": "scheduled"
  },
  "41732886": {
    "Job_Number": 41732886,
    "Job_Name": "Quest Products, LLC",
    "Status": "scheduled"
  },
  "41731419": {
    "Job_Number": 41731419,
    "Job_Name": "PAE ATCT (SFAS)",
    "Status": "scheduled"
  },
  "41730953": {
    "Job_Number": 41730953,
    "Job_Name": "Outlook Condominiums",
    "Status": "scheduled"
  },
  "41730853": {
    "Job_Number": 41730853,
    "Job_Name": "O2  Apartments C/O Avenue5 Residential LLC",
    "Status": "scheduled"
  },
  "41712754": {
    "Job_Number": 41712754,
    "Job_Name": "Lakewood Towne Center Office Building",
    "Status": "scheduled"
  },
  "41708163": {
    "Job_Number": 41708163,
    "Job_Name": "206 Bell Apartments",
    "Status": "scheduled"
  },
  "41708106": {
    "Job_Number": 41708106,
    "Job_Name": "206 Bell Apartments",
    "Status": "scheduled"
  },
  "41690345": {
    "Job_Number": 41690345,
    "Job_Name": "Norfolk Building LP",
    "Status": "scheduled"
  },
  "41689943": {
    "Job_Number": 41689943,
    "Job_Name": "2219 4th Ave Bldg.",
    "Status": "scheduled"
  },
  "41687193": {
    "Job_Number": 41687193,
    "Job_Name": "Sundance",
    "Status": "scheduled"
  },
  "41685076": {
    "Job_Number": 41685076,
    "Job_Name": "Insignia Apartment Homes",
    "Status": "scheduled"
  },
  "41684749": {
    "Job_Number": 41684749,
    "Job_Name": "Modera Overlake",
    "Status": "scheduled"
  },
  "41656693": {
    "Job_Number": 41656693,
    "Job_Name": "Holiday Inn Express - Puyallup",
    "Status": "scheduled"
  },
  "41642405": {
    "Job_Number": 41642405,
    "Job_Name": "Heritage Corporate Center",
    "Status": "scheduled"
  },
  "41631497": {
    "Job_Number": 41631497,
    "Job_Name": "Expedia Facilities - Seattle",
    "Status": "scheduled"
  },
  "41626924": {
    "Job_Number": 41626924,
    "Job_Name": "Auburn 18 Business Park BLDG 1",
    "Status": "scheduled"
  },
  "41615683": {
    "Job_Number": 41615683,
    "Job_Name": "Muckleshoot Tribal School",
    "Status": "scheduled"
  },
  "41612500": {
    "Job_Number": 41612500,
    "Job_Name": "Beacon Building Products",
    "Status": "scheduled"
  },
  "41610249": {
    "Job_Number": 41610249,
    "Job_Name": "Genie",
    "Status": "scheduled"
  },
  "41606609": {
    "Job_Number": 41606609,
    "Job_Name": "Belara at Lakeland Apartments",
    "Status": "scheduled"
  },
  "41606473": {
    "Job_Number": 41606473,
    "Job_Name": "Beacon Building Products",
    "Status": "scheduled"
  },
  "41604282": {
    "Job_Number": 41604282,
    "Job_Name": "AC Hotel Seattle Bellevue Marriott",
    "Status": "scheduled"
  },
  "41603289": {
    "Job_Number": 41603289,
    "Job_Name": "3108 Lakeland Apartments",
    "Status": "scheduled"
  },
  "41561379": {
    "Job_Number": 41561379,
    "Job_Name": "DES - Fort Worden State Park",
    "Status": "scheduled"
  },
  "41559694": {
    "Job_Number": 41559694,
    "Job_Name": "Bellefield Office Park",
    "Status": "scheduled"
  },
  "41556184": {
    "Job_Number": 41556184,
    "Job_Name": "Northwest Sign & Design",
    "Status": "scheduled"
  },
  "41502706": {
    "Job_Number": 41502706,
    "Job_Name": "Northwest Sign & Design",
    "Status": "scheduled"
  },
  "41499273": {
    "Job_Number": 41499273,
    "Job_Name": "SP Columbia City (Angeline)",
    "Status": "scheduled"
  },
  "41495228": {
    "Job_Number": 41495228,
    "Job_Name": "N C Machinery",
    "Status": "scheduled"
  },
  "41488625": {
    "Job_Number": 41488625,
    "Job_Name": "Hilton Garden Inn Seattle Airport",
    "Status": "scheduled"
  },
  "41485361": {
    "Job_Number": 41485361,
    "Job_Name": "Cirrus",
    "Status": "scheduled"
  },
  "41460007": {
    "Job_Number": 41460007,
    "Job_Name": "Willows Court Apartments",
    "Status": "scheduled"
  },
  "41458853": {
    "Job_Number": 41458853,
    "Job_Name": "Timber Ridge Condominium",
    "Status": "scheduled"
  },
  "41458220": {
    "Job_Number": 41458220,
    "Job_Name": "The Village at Totem Lake (TLA) ~ Bldg C",
    "Status": "scheduled"
  },
  "41457835": {
    "Job_Number": 41457835,
    "Job_Name": "The Fitzgerald c/o CWD Group Dept. 392",
    "Status": "scheduled"
  },
  "41433366": {
    "Job_Number": 41433366,
    "Job_Name": "Redmond Town Center G",
    "Status": "scheduled"
  },
  "41426932": {
    "Job_Number": 41426932,
    "Job_Name": "Hilton Motif",
    "Status": "scheduled"
  },
  "41421607": {
    "Job_Number": 41421607,
    "Job_Name": "First Hill Condominium Association",
    "Status": "scheduled"
  },
  "41421207": {
    "Job_Number": 41421207,
    "Job_Name": "Emerald Queen - Tacoma Hotel",
    "Status": "scheduled"
  },
  "41371582": {
    "Job_Number": 41371582,
    "Job_Name": "Windsor Ballard",
    "Status": "scheduled"
  },
  "41368462": {
    "Job_Number": 41368462,
    "Job_Name": "Valley View Heights",
    "Status": "scheduled"
  },
  "41361983": {
    "Job_Number": 41361983,
    "Job_Name": "Beacon Building Products",
    "Status": "scheduled"
  },
  "41361082": {
    "Job_Number": 41361082,
    "Job_Name": "Nightingale Apartments",
    "Status": "scheduled"
  },
  "41294964": {
    "Job_Number": 41294964,
    "Job_Name": "Infinity Apartments",
    "Status": "scheduled"
  },
  "41230548": {
    "Job_Number": 41230548,
    "Job_Name": "Highlands Community Church",
    "Status": "scheduled"
  },
  "41213330": {
    "Job_Number": 41213330,
    "Job_Name": "Northwest Fire Systems",
    "Status": "scheduled"
  },
  "41183054": {
    "Job_Number": 41183054,
    "Job_Name": "Mountlake Terrace High School",
    "Status": "scheduled"
  },
  "41182819": {
    "Job_Number": 41182819,
    "Job_Name": "Hazelwood Elementary",
    "Status": "scheduled"
  },
  "41182707": {
    "Job_Number": 41182707,
    "Job_Name": "Cedar Way Elementary",
    "Status": "scheduled"
  },
  "41172004": {
    "Job_Number": 41172004,
    "Job_Name": "IDEA High School",
    "Status": "scheduled"
  },
  "41168244": {
    "Job_Number": 41168244,
    "Job_Name": "Meeker Middle School",
    "Status": "scheduled"
  },
  "41168156": {
    "Job_Number": 41168156,
    "Job_Name": "Stadium High School",
    "Status": "scheduled"
  },
  "41167860": {
    "Job_Number": 41167860,
    "Job_Name": "Truman Middle School",
    "Status": "scheduled"
  },
  "41167817": {
    "Job_Number": 41167817,
    "Job_Name": "Willard School",
    "Status": "scheduled"
  },
  "41167775": {
    "Job_Number": 41167775,
    "Job_Name": "Building & Grounds",
    "Status": "scheduled"
  },
  "41167498": {
    "Job_Number": 41167498,
    "Job_Name": "Giaudrone Middle School",
    "Status": "scheduled"
  },
  "41167249": {
    "Job_Number": 41167249,
    "Job_Name": "Foss High School",
    "Status": "scheduled"
  },
  "41166063": {
    "Job_Number": 41166063,
    "Job_Name": "Mt. Tahoma High School",
    "Status": "scheduled"
  },
  "41025706": {
    "Job_Number": 41025706,
    "Job_Name": "Nisqually Red Wind Casino",
    "Status": "scheduled"
  },
  "40996347": {
    "Job_Number": 40996347,
    "Job_Name": "Rite Aid",
    "Status": "scheduled"
  },
  "40990991": {
    "Job_Number": 40990991,
    "Job_Name": "Forelaufer Ski Club",
    "Status": "scheduled"
  },
  "40777038": {
    "Job_Number": 40777038,
    "Job_Name": "Destinations Lynnwood",
    "Status": "scheduled"
  },
  "40607130": {
    "Job_Number": 40607130,
    "Job_Name": "Redmond Place Apartments",
    "Status": "scheduled"
  },
  "40503688": {
    "Job_Number": 40503688,
    "Job_Name": "Yugo Seattle Rivendell",
    "Status": "scheduled"
  },
  "40490779": {
    "Job_Number": 40490779,
    "Job_Name": "Silver Reef Casino Resort",
    "Status": "scheduled"
  },
  "40472664": {
    "Job_Number": 40472664,
    "Job_Name": "Wyse Logistics",
    "Status": "scheduled"
  },
  "40415971": {
    "Job_Number": 40415971,
    "Job_Name": "Palomino at Redford Ranch",
    "Status": "scheduled"
  },
  "40407947": {
    "Job_Number": 40407947,
    "Job_Name": "Kenmore Square",
    "Status": "scheduled"
  },
  "40233429": {
    "Job_Number": 40233429,
    "Job_Name": "Tacoma Mall",
    "Status": "scheduled"
  },
  "40195083": {
    "Job_Number": 40195083,
    "Job_Name": "Insignia Condominium Association c/o CWD Group Dept. 392",
    "Status": "scheduled"
  },
  "40191372": {
    "Job_Number": 40191372,
    "Job_Name": "Hotel Murano",
    "Status": "scheduled"
  },
  "40127153": {
    "Job_Number": 40127153,
    "Job_Name": "Puget Sound Skills Center",
    "Status": "scheduled"
  },
  "40127136": {
    "Job_Number": 40127136,
    "Job_Name": "Puget Sound Skills Center",
    "Status": "scheduled"
  },
  "40125591": {
    "Job_Number": 40125591,
    "Job_Name": "Marine Technology Laboratory",
    "Status": "scheduled"
  },
  "40123723": {
    "Job_Number": 40123723,
    "Job_Name": "Highline Performing Art Center",
    "Status": "scheduled"
  },
  "40121488": {
    "Job_Number": 40121488,
    "Job_Name": "Des Moines Elementary School - Old",
    "Status": "scheduled"
  },
  "40073696": {
    "Job_Number": 40073696,
    "Job_Name": "Cirrus",
    "Status": "scheduled"
  },
  "40071557": {
    "Job_Number": 40071557,
    "Job_Name": "20925 Cypress Way",
    "Status": "scheduled"
  },
  "39984986": {
    "Job_Number": 39984986,
    "Job_Name": "Elan 41 Apartments",
    "Status": "scheduled"
  },
  "39723859": {
    "Job_Number": 39723859,
    "Job_Name": "Alaska Airlines - Corporate Headquarters",
    "Status": "scheduled"
  },
  "39676133": {
    "Job_Number": 39676133,
    "Job_Name": "Harbour Heights",
    "Status": "scheduled"
  },
  "39653909": {
    "Job_Number": 39653909,
    "Job_Name": "Alaska Airlines - Horizon General Office",
    "Status": "scheduled"
  },
  "39644392": {
    "Job_Number": 39644392,
    "Job_Name": "Greenhouse",
    "Status": "scheduled"
  },
  "39564629": {
    "Job_Number": 39564629,
    "Job_Name": "Sundance",
    "Status": "scheduled"
  },
  "39447915": {
    "Job_Number": 39447915,
    "Job_Name": "Providence Point - Highland Village",
    "Status": "scheduled"
  },
  "39180485": {
    "Job_Number": 39180485,
    "Job_Name": "Paldo Plaza - 3520 Building",
    "Status": "scheduled"
  },
  "39180218": {
    "Job_Number": 39180218,
    "Job_Name": "Pal Do Plaza",
    "Status": "scheduled"
  },
  "39160283": {
    "Job_Number": 39160283,
    "Job_Name": "Comcast Cable",
    "Status": "scheduled"
  },
  "39157970": {
    "Job_Number": 39157970,
    "Job_Name": "Center Steps",
    "Status": "scheduled"
  },
  "39142849": {
    "Job_Number": 39142849,
    "Job_Name": "Guinevere Apartments",
    "Status": "scheduled"
  },
  "38769933": {
    "Job_Number": 38769933,
    "Job_Name": "Craft Apartments",
    "Status": "scheduled"
  },
  "38599740": {
    "Job_Number": 38599740,
    "Job_Name": "Northwest Fire Systems",
    "Status": "scheduled"
  },
  "38208977": {
    "Job_Number": 38208977,
    "Job_Name": "Liam Apartments",
    "Status": "scheduled"
  },
  "37536316": {
    "Job_Number": 37536316,
    "Job_Name": "Redmond Place Apartments",
    "Status": "scheduled"
  },
  "37462844": {
    "Job_Number": 37462844,
    "Job_Name": "Timber Ridge Condominium",
    "Status": "scheduled"
  },
  "37125425": {
    "Job_Number": 37125425,
    "Job_Name": "Equinox Apartments",
    "Status": "scheduled"
  },
  "36290214": {
    "Job_Number": 36290214,
    "Job_Name": "Hilton Garden Inn",
    "Status": "scheduled"
  },
  "36156999": {
    "Job_Number": 36156999,
    "Job_Name": "Chase Lake Elementary",
    "Status": "scheduled"
  },
  "32995812": {
    "Job_Number": 32995812,
    "Job_Name": "Courtyard Marriott - Lynnwood",
    "Status": "scheduled"
  },
  "40136410": {
    "Job_Number": 40136410,
    "Job_Name": "Deer Creek Apartments",
    "Status": "scheduled"
  },
  "41608752": {
    "Job_Number": 41608752,
    "Job_Name": "Eastside Business Park Bldg. 1",
    "Status": "scheduled"
  },
  "41608871": {
    "Job_Number": 41608871,
    "Job_Name": "Eastside Business Park, LLC Bldg. 2",
    "Status": "scheduled"
  },
  "41609206": {
    "Job_Number": 41609206,
    "Job_Name": "Eastside Business Park Bldg. 3",
    "Status": "scheduled"
  },
  "41610182": {
    "Job_Number": 41610182,
    "Job_Name": "Fremont Town Homes",
    "Status": "scheduled"
  },
  "42026436": {
    "Job_Number": 42026436,
    "Job_Name": "Aurora Building",
    "Status": "scheduled"
  },
  "42516445": {
    "Job_Number": 42516445,
    "Job_Name": "Target T-600 IW - SAFST",
    "Status": "scheduled"
  },
  "42645710": {
    "Job_Number": 42645710,
    "Job_Name": "Genie",
    "Status": "scheduled"
  },
  "42646403": {
    "Job_Number": 42646403,
    "Job_Name": "Stockbridge Apartments",
    "Status": "scheduled"
  },
  "42683028": {
    "Job_Number": 42683028,
    "Job_Name": "Hilton Motif",
    "Status": "scheduled"
  },
  "42687823": {
    "Job_Number": 42687823,
    "Job_Name": "Centerline Apartments",
    "Status": "scheduled"
  },
  "42726844": {
    "Job_Number": 42726844,
    "Job_Name": "Vi Hilbert Hall, Seattle University",
    "Status": "scheduled"
  },
  "42815007": {
    "Job_Number": 42815007,
    "Job_Name": "705 Pike St",
    "Status": "scheduled"
  },
  "42816335": {
    "Job_Number": 42816335,
    "Job_Name": "Northwest Fire Systems",
    "Status": "scheduled"
  },
  "42861343": {
    "Job_Number": 42861343,
    "Job_Name": "Anthology Apartments",
    "Status": "scheduled"
  },
  "42893924": {
    "Job_Number": 42893924,
    "Job_Name": "Northwest Fire Systems",
    "Status": "scheduled"
  },
  "40378214": {
    "Job_Number": 40378214,
    "Job_Name": "Rose of Woodridge",
    "Status": "scheduled"
  },
  "41748885": {
    "Job_Number": 41748885,
    "Job_Name": "Providence Point - Highland Village",
    "Status": "scheduled"
  },
  "42016116": {
    "Job_Number": 42016116,
    "Job_Name": "1800 Ninth Avenue Building",
    "Status": "scheduled"
  },
  "42026692": {
    "Job_Number": 42026692,
    "Job_Name": "Broadstone Strata",
    "Status": "scheduled"
  },
  "42028901": {
    "Job_Number": 42028901,
    "Job_Name": "Courtyard by Marriott Seattle Everett Downtown",
    "Status": "scheduled"
  },
  "42029113": {
    "Job_Number": 42029113,
    "Job_Name": "Courtyard Marriott Bellevue",
    "Status": "scheduled"
  },
  "42029172": {
    "Job_Number": 42029172,
    "Job_Name": "Creekside Bldg. A",
    "Status": "scheduled"
  },
  "42029306": {
    "Job_Number": 42029306,
    "Job_Name": "Creekside Bldg. B",
    "Status": "scheduled"
  },
  "42047225": {
    "Job_Number": 42047225,
    "Job_Name": "Emerald Queen - Tacoma Hotel",
    "Status": "scheduled"
  },
  "42047561": {
    "Job_Number": 42047561,
    "Job_Name": "Emerald Queen Casino - Convention Center",
    "Status": "scheduled"
  },
  "42047930": {
    "Job_Number": 42047930,
    "Job_Name": "Emerald Queen Casino - Fife Casino",
    "Status": "scheduled"
  },
  "42048133": {
    "Job_Number": 42048133,
    "Job_Name": "Emerald Queen Casino Tacoma",
    "Status": "scheduled"
  },
  "42049231": {
    "Job_Number": 42049231,
    "Job_Name": "Evergreen Court",
    "Status": "scheduled"
  },
  "42050881": {
    "Job_Number": 42050881,
    "Job_Name": "Four Points by Sheraton Seattle Airport South",
    "Status": "scheduled"
  },
  "42056577": {
    "Job_Number": 42056577,
    "Job_Name": "Genie",
    "Status": "scheduled"
  },
  "42056766": {
    "Job_Number": 42056766,
    "Job_Name": "Genie Industries",
    "Status": "scheduled"
  },
  "42057455": {
    "Job_Number": 42057455,
    "Job_Name": "Grand Hyatt Seattle",
    "Status": "scheduled"
  },
  "42070410": {
    "Job_Number": 42070410,
    "Job_Name": "Hyatt At Olive 8",
    "Status": "scheduled"
  },
  "42071657": {
    "Job_Number": 42071657,
    "Job_Name": "Main Street Scott Building",
    "Status": "scheduled"
  },
  "42072846": {
    "Job_Number": 42072846,
    "Job_Name": "Parcel 7",
    "Status": "scheduled"
  },
  "42073610": {
    "Job_Number": 42073610,
    "Job_Name": "Parcel 8",
    "Status": "scheduled"
  },
  "42074182": {
    "Job_Number": 42074182,
    "Job_Name": "Pfizer, INC (Seattle Gen)",
    "Status": "scheduled"
  },
  "42077116": {
    "Job_Number": 42077116,
    "Job_Name": "Redmond Town Center A",
    "Status": "scheduled"
  },
  "42077503": {
    "Job_Number": 42077503,
    "Job_Name": "Redmond Town Center B",
    "Status": "scheduled"
  },
  "42077664": {
    "Job_Number": 42077664,
    "Job_Name": "Redmond Town Center C - Security",
    "Status": "scheduled"
  },
  "42080504": {
    "Job_Number": 42080504,
    "Job_Name": "Redmond Town Center D",
    "Status": "scheduled"
  },
  "42080877": {
    "Job_Number": 42080877,
    "Job_Name": "Redmond Town Center F",
    "Status": "scheduled"
  },
  "42081100": {
    "Job_Number": 42081100,
    "Job_Name": "Redmond Town Center G",
    "Status": "scheduled"
  },
  "42081853": {
    "Job_Number": 42081853,
    "Job_Name": "Redmond Town Center I",
    "Status": "scheduled"
  },
  "42086636": {
    "Job_Number": 42086636,
    "Job_Name": "Silver Reef Casino Resort",
    "Status": "scheduled"
  },
  "42096961": {
    "Job_Number": 42096961,
    "Job_Name": "Temco",
    "Status": "scheduled"
  },
  "42098187": {
    "Job_Number": 42098187,
    "Job_Name": "DES - Washington State Patrol",
    "Status": "scheduled"
  },
  "42099075": {
    "Job_Number": 42099075,
    "Job_Name": "The Residential Village at UW Bothell Bldg. A",
    "Status": "scheduled"
  },
  "42099205": {
    "Job_Number": 42099205,
    "Job_Name": "The Residential Village at UW Bothell Bldg. D",
    "Status": "scheduled"
  },
  "42099360": {
    "Job_Number": 42099360,
    "Job_Name": "Viktoria Apartments",
    "Status": "scheduled"
  },
  "42099592": {
    "Job_Number": 42099592,
    "Job_Name": "Walmart Port Angeles",
    "Status": "scheduled"
  },
  "42214284": {
    "Job_Number": 42214284,
    "Job_Name": "Broadstone Savoie",
    "Status": "scheduled"
  },
  "42221078": {
    "Job_Number": 42221078,
    "Job_Name": "Silver Reef Casino Resort",
    "Status": "scheduled"
  },
  "42296903": {
    "Job_Number": 42296903,
    "Job_Name": "Madrona K-8 Elementary School",
    "Status": "scheduled"
  },
  "42299163": {
    "Job_Number": 42299163,
    "Job_Name": "Terrace Park Elementary",
    "Status": "scheduled"
  },
  "42299270": {
    "Job_Number": 42299270,
    "Job_Name": "Aristo Behavioral Health",
    "Status": "scheduled"
  },
  "42355603": {
    "Job_Number": 42355603,
    "Job_Name": "624 Yale Apartments",
    "Status": "scheduled"
  },
  "42384242": {
    "Job_Number": 42384242,
    "Job_Name": "Meadowdale High School",
    "Status": "scheduled"
  },
  "42386206": {
    "Job_Number": 42386206,
    "Job_Name": "Renton Hampton Inn & Suites",
    "Status": "scheduled"
  },
  "42430095": {
    "Job_Number": 42430095,
    "Job_Name": "4214 24th Avenue Building",
    "Status": "scheduled"
  },
  "42484979": {
    "Job_Number": 42484979,
    "Job_Name": "Tria Apartments",
    "Status": "scheduled"
  },
  "42494429": {
    "Job_Number": 42494429,
    "Job_Name": "Camelot Apartments",
    "Status": "scheduled"
  },
  "42494781": {
    "Job_Number": 42494781,
    "Job_Name": "Eldorado 2 Condominiums",
    "Status": "scheduled"
  },
  "42684427": {
    "Job_Number": 42684427,
    "Job_Name": "Guinevere Apartments",
    "Status": "scheduled"
  },
  "42720567": {
    "Job_Number": 42720567,
    "Job_Name": "Casablanca",
    "Status": "scheduled"
  },
  "42731405": {
    "Job_Number": 42731405,
    "Job_Name": "Homewood Suites Issaquah",
    "Status": "scheduled"
  },
  "42737121": {
    "Job_Number": 42737121,
    "Job_Name": "Lincoln High School",
    "Status": "scheduled"
  },
  "42749075": {
    "Job_Number": 42749075,
    "Job_Name": "Hartung Glass - Tukwila",
    "Status": "scheduled"
  },
  "42752195": {
    "Job_Number": 42752195,
    "Job_Name": "Planet Fitness Fern Hill",
    "Status": "scheduled"
  },
  "42772722": {
    "Job_Number": 42772722,
    "Job_Name": "Edition Apartments",
    "Status": "scheduled"
  },
  "42814467": {
    "Job_Number": 42814467,
    "Job_Name": "Ion Town Center",
    "Status": "scheduled"
  },
  "42817372": {
    "Job_Number": 42817372,
    "Job_Name": "Aloft / Element Hotel",
    "Status": "scheduled"
  },
  "42851028": {
    "Job_Number": 42851028,
    "Job_Name": "The Eden",
    "Status": "scheduled"
  },
  "42862941": {
    "Job_Number": 42862941,
    "Job_Name": "The Eden",
    "Status": "scheduled"
  },
  "42884652": {
    "Job_Number": 42884652,
    "Job_Name": "Hazelwood Elementary",
    "Status": "scheduled"
  },
  "42913693": {
    "Job_Number": 42913693,
    "Job_Name": "Planet Fitness Fern Hill",
    "Status": "scheduled"
  },
  "42913972": {
    "Job_Number": 42913972,
    "Job_Name": "Eastview",
    "Status": "scheduled"
  },
  "42919075": {
    "Job_Number": 42919075,
    "Job_Name": "Redmond Town Center G",
    "Status": "scheduled"
  },
  "42924243": {
    "Job_Number": 42924243,
    "Job_Name": "Radius Apartments",
    "Status": "scheduled"
  },
  "42932379": {
    "Job_Number": 42932379,
    "Job_Name": "Medosweet Farms",
    "Status": "scheduled"
  },
  "42933169": {
    "Job_Number": 42933169,
    "Job_Name": "Yelm Creek Apartments",
    "Status": "scheduled"
  },
  "42933612": {
    "Job_Number": 42933612,
    "Job_Name": "The Eden",
    "Status": "scheduled"
  },
  "42933980": {
    "Job_Number": 42933980,
    "Job_Name": "Yobi Apartments",
    "Status": "scheduled"
  },
  "42935646": {
    "Job_Number": 42935646,
    "Job_Name": "Four Points by Sheraton Seattle Airport South",
    "Status": "scheduled"
  },
  "42939886": {
    "Job_Number": 42939886,
    "Job_Name": "Truman Middle School",
    "Status": "scheduled"
  },
  "42954821": {
    "Job_Number": 42954821,
    "Job_Name": "Unity of Bellevue",
    "Status": "scheduled"
  },
  "42957908": {
    "Job_Number": 42957908,
    "Job_Name": "Villages of Newport",
    "Status": "scheduled"
  },
  "42962418": {
    "Job_Number": 42962418,
    "Job_Name": "St. Margaret's Episcopal Church",
    "Status": "scheduled"
  },
  "42963352": {
    "Job_Number": 42963352,
    "Job_Name": "The Residential Village at UW Bothell Bldg C",
    "Status": "scheduled"
  },
  "42963446": {
    "Job_Number": 42963446,
    "Job_Name": "The Residential Village at UW Bothell Bldg B",
    "Status": "scheduled"
  },
  "39885942": {
    "Job_Number": 39885942,
    "Job_Name": "DES - Kirkland Justice Center",
    "Status": "scheduled"
  },
  "41738118": {
    "Job_Number": 41738118,
    "Job_Name": "Urban Center Apartments",
    "Status": "scheduled"
  },
  "42016523": {
    "Job_Number": 42016523,
    "Job_Name": "AAA - One Newport c/o Kidder Mathews",
    "Status": "scheduled"
  },
  "42027762": {
    "Job_Number": 42027762,
    "Job_Name": "Centerline Apartments",
    "Status": "scheduled"
  },
  "42028955": {
    "Job_Number": 42028955,
    "Job_Name": "Courtyard by Marriott Tacoma",
    "Status": "scheduled"
  },
  "42030511": {
    "Job_Number": 42030511,
    "Job_Name": "Eastside Subaru",
    "Status": "scheduled"
  },
  "42049292": {
    "Job_Number": 42049292,
    "Job_Name": "Excel Supply Company",
    "Status": "scheduled"
  },
  "42050827": {
    "Job_Number": 42050827,
    "Job_Name": "Fairfield Inn and Suites",
    "Status": "scheduled"
  },
  "42058576": {
    "Job_Number": 42058576,
    "Job_Name": "Hazel Apartments",
    "Status": "scheduled"
  },
  "42069397": {
    "Job_Number": 42069397,
    "Job_Name": "Hilton Garden Inn Seattle Airport",
    "Status": "scheduled"
  },
  "42071032": {
    "Job_Number": 42071032,
    "Job_Name": "Letterpress Distilling",
    "Status": "scheduled"
  },
  "42071247": {
    "Job_Number": 42071247,
    "Job_Name": "London Aviation Underwriters, Inc.",
    "Status": "scheduled"
  },
  "42074539": {
    "Job_Number": 42074539,
    "Job_Name": "Prexy Apartments",
    "Status": "scheduled"
  },
  "42080664": {
    "Job_Number": 42080664,
    "Job_Name": "Redmond Town Center E",
    "Status": "scheduled"
  },
  "42082295": {
    "Job_Number": 42082295,
    "Job_Name": "Rodland Toyota",
    "Status": "scheduled"
  },
  "42082344": {
    "Job_Number": 42082344,
    "Job_Name": "Rodland Toyota of Everett",
    "Status": "scheduled"
  },
  "42086588": {
    "Job_Number": 42086588,
    "Job_Name": "Seattle Medical & Rehab Center",
    "Status": "scheduled"
  },
  "42094604": {
    "Job_Number": 42094604,
    "Job_Name": "St. Barnabas Anglican Church of Seattle",
    "Status": "scheduled"
  },
  "42096638": {
    "Job_Number": 42096638,
    "Job_Name": "Swiss Gables",
    "Status": "scheduled"
  },
  "42096888": {
    "Job_Number": 42096888,
    "Job_Name": "Taghus",
    "Status": "scheduled"
  },
  "42099271": {
    "Job_Number": 42099271,
    "Job_Name": "The Village Senior Living",
    "Status": "scheduled"
  },
  "42099545": {
    "Job_Number": 42099545,
    "Job_Name": "Villaggio Apartments",
    "Status": "scheduled"
  },
  "42099734": {
    "Job_Number": 42099734,
    "Job_Name": "Wood Creek Business Park",
    "Status": "scheduled"
  },
  "42099931": {
    "Job_Number": 42099931,
    "Job_Name": "Woodland Apartments",
    "Status": "scheduled"
  },
  "42214274": {
    "Job_Number": 42214274,
    "Job_Name": "Wynstone Townhomes",
    "Status": "scheduled"
  },
  "42582420": {
    "Job_Number": 42582420,
    "Job_Name": "Wood Creek Business Park Building 3 Unit C",
    "Status": "scheduled"
  },
  "42684682": {
    "Job_Number": 42684682,
    "Job_Name": "Genie",
    "Status": "scheduled"
  },
  "42939145": {
    "Job_Number": 42939145,
    "Job_Name": "Soma Towers",
    "Status": "scheduled"
  },
  "42976520": {
    "Job_Number": 42976520,
    "Job_Name": "Regency Ridge Condominiums HOA",
    "Status": "scheduled"
  },
  "43032710": {
    "Job_Number": 43032710,
    "Job_Name": "Bell Totem Lake",
    "Status": "scheduled"
  },
  "43037265": {
    "Job_Number": 43037265,
    "Job_Name": "Snoqualmie Falls Brewery",
    "Status": "scheduled"
  },
  "43038345": {
    "Job_Number": 43038345,
    "Job_Name": "Kinect @ Broadway",
    "Status": "scheduled"
  },
  "43038793": {
    "Job_Number": 43038793,
    "Job_Name": "Hill Crest Apartments",
    "Status": "scheduled"
  },
  "43049758": {
    "Job_Number": 43049758,
    "Job_Name": "YMCA",
    "Status": "scheduled"
  },
  "43050038": {
    "Job_Number": 43050038,
    "Job_Name": "Yugo Seattle Rivendell",
    "Status": "scheduled"
  },
  "43053404": {
    "Job_Number": 43053404,
    "Job_Name": "Stream 403 Apartments",
    "Status": "scheduled"
  },
  "43053788": {
    "Job_Number": 43053788,
    "Job_Name": "LARC at Kent",
    "Status": "scheduled"
  },
  "43057055": {
    "Job_Number": 43057055,
    "Job_Name": "The Olivian",
    "Status": "scheduled"
  },
  "40498143": {
    "Job_Number": 40498143,
    "Job_Name": "Emerald Queen Casino Tacoma",
    "Status": "scheduled"
  },
  "42020908": {
    "Job_Number": 42020908,
    "Job_Name": "Auburn 18 Business Park BLDG 10",
    "Status": "scheduled"
  },
  "42021038": {
    "Job_Number": 42021038,
    "Job_Name": "Auburn 18 Business Park BLDG 2",
    "Status": "scheduled"
  },
  "42024226": {
    "Job_Number": 42024226,
    "Job_Name": "Auburn 18 Business Park BLDG 3",
    "Status": "scheduled"
  },
  "42082486": {
    "Job_Number": 42082486,
    "Job_Name": "Row on Third Apartments",
    "Status": "scheduled"
  },
  "42086838": {
    "Job_Number": 42086838,
    "Job_Name": "Spears Manufacturing Co",
    "Status": "scheduled"
  },
  "42299209": {
    "Job_Number": 42299209,
    "Job_Name": "College Place Middle School",
    "Status": "scheduled"
  },
  "42635776": {
    "Job_Number": 42635776,
    "Job_Name": "Emerald Queen Casino - Fife Casino",
    "Status": "scheduled"
  },
  "42721021": {
    "Job_Number": 42721021,
    "Job_Name": "Hillel at the University of Washington: Center for Jewish Life",
    "Status": "scheduled"
  },
  "42850270": {
    "Job_Number": 42850270,
    "Job_Name": "Raisbeck Aviation High School",
    "Status": "scheduled"
  },
  "42862951": {
    "Job_Number": 42862951,
    "Job_Name": "POSM Bellevue Real Property LLC",
    "Status": "scheduled"
  },
  "42884405": {
    "Job_Number": 42884405,
    "Job_Name": "Serra Vista Apartments",
    "Status": "scheduled"
  },
  "42917720": {
    "Job_Number": 42917720,
    "Job_Name": "Courtyard by Marriott Tacoma",
    "Status": "scheduled"
  },
  "42940488": {
    "Job_Number": 42940488,
    "Job_Name": "Jet City Harley Davidson",
    "Status": "scheduled"
  },
  "42976677": {
    "Job_Number": 42976677,
    "Job_Name": "Genie",
    "Status": "scheduled"
  },
  "43061718": {
    "Job_Number": 43061718,
    "Job_Name": "HSD Beverly Park Elementary",
    "Status": "scheduled"
  },
  "43062986": {
    "Job_Number": 43062986,
    "Job_Name": "Hilltop Elementary",
    "Status": "scheduled"
  },
  "43067813": {
    "Job_Number": 43067813,
    "Job_Name": "Temco",
    "Status": "scheduled"
  },
  "43069174": {
    "Job_Number": 43069174,
    "Job_Name": "Pfizer, INC (Seattle Gen)",
    "Status": "scheduled"
  },
  "43073748": {
    "Job_Number": 43073748,
    "Job_Name": "Morgan Court",
    "Status": "scheduled"
  },
  "43075134": {
    "Job_Number": 43075134,
    "Job_Name": "888 Bellevue Apartments",
    "Status": "scheduled"
  },
  "43087382": {
    "Job_Number": 43087382,
    "Job_Name": "Providence Point - Forest Village",
    "Status": "scheduled"
  },
  "43090833": {
    "Job_Number": 43090833,
    "Job_Name": "Metropolitan Park Apartments",
    "Status": "scheduled"
  },
  "43097218": {
    "Job_Number": 43097218,
    "Job_Name": "Loomis Trails Golf Club",
    "Status": "scheduled"
  },
  "43117408": {
    "Job_Number": 43117408,
    "Job_Name": "Northwest Fire Systems",
    "Status": "scheduled"
  },
  "43117950": {
    "Job_Number": 43117950,
    "Job_Name": "Northwest Fire Systems",
    "Status": "scheduled"
  },
  "43120566": {
    "Job_Number": 43120566,
    "Job_Name": "505 Broadway Condos",
    "Status": "scheduled"
  },
  "43120710": {
    "Job_Number": 43120710,
    "Job_Name": "Bread of Life Mission",
    "Status": "scheduled"
  },
  "43122701": {
    "Job_Number": 43122701,
    "Job_Name": "Hilton Motif",
    "Status": "scheduled"
  },
  "43123002": {
    "Job_Number": 43123002,
    "Job_Name": "Redmond Town Center I",
    "Status": "scheduled"
  },
  "43123300": {
    "Job_Number": 43123300,
    "Job_Name": "Jackson Street Apartments",
    "Status": "scheduled"
  }
}