[
  {
    "Job_Number": "INS10",
    "Job_Name": "Inspection Job Master",
    "Division": "10",
    "Project_Manager": "",
    "Status_Code": "A"
  },
  {
    "Job_Number": "SVC30",
    "Job_Name": "Service Job Master",
    "Division": "30",
    "Project_Manager": "",
    "Status_Code": "A"
  },
  {
    "Job_Number": "00005I",
    "Job_Name": "ANNUAL SPRNK, BF, AND FA",
    "Division": "10",
    "Project_Manager": "",
    "Status_Code": "A"
  },
  {
    "Job_Number": "00006I",
    "Job_Name": "ANNUAL SPRNK, BF, AND FA",
    "Division": "10",
    "Project_Manager": "",
    "Status_Code": "A"
  },
  {
    "Job_Number": "00007I",
    "Job_Name": "ANNUAL FEX INSPECTIONS",
    "Division": "10",
    "Project_Manager": "",
    "Status_Code": "A"
  },
  {
    "Job_Number": "00008I",
    "Job_Name": "ANNUAL SPRNKLR &amp; BF INSP",
    "Division": "10",
    "Project_Manager": "",
    "Status_Code": "A"
  },
  {
    "Job_Number": "00009S",
    "Job_Name": "SEATAC DRY SPRKLR REPAIRS",
    "Division": "30",
    "Project_Manager": "",
    "Status_Code": "A"
  },
  {
    "Job_Number": "00010I",
    "Job_Name": "SEMI-ANNUAL CLEAN AGENT",
    "Division": "10",
    "Project_Manager": "",
    "Status_Code": "A"
  },
  {
    "Job_Number": "00011I",
    "Job_Name": "Semi-Annual Clean Agent",
    "Division": "10",
    "Project_Manager": "",
    "Status_Code": "A"
  },
  {
    "Job_Number": "00012I",
    "Job_Name": "ANNUAL FA, SPRINKLER INSP",
    "Division": "10",
    "Project_Manager": "",
    "Status_Code": "A"
  },
  {
    "Job_Number": "00013I",
    "Job_Name": "WA DNR SOUTH PUGET SOUND",
    "Division": "10",
    "Project_Manager": "",
    "Status_Code": "A"
  },
  {
    "Job_Number": "00014I",
    "Job_Name": "WSP ANNUAL FA INSPECTION",
    "Division": "10",
    "Project_Manager": "",
    "Status_Code": "A"
  },
  {
    "Job_Number": "00015I",
    "Job_Name": "DAYTON ANN SPRK &amp; BF INSP",
    "Division": "10",
    "Project_Manager": "",
    "Status_Code": "A"
  },
  {
    "Job_Number": "00018S",
    "Job_Name": "YAKIMA VALLEY",
    "Division": "30",
    "Project_Manager": "",
    "Status_Code": "A"
  },
  {
    "Job_Number": "00025S",
    "Job_Name": "2024/25 TSDFIRE SPRINKLER",
    "Division": "30",
    "Project_Manager": "",
    "Status_Code": "A"
  },
  {
    "Job_Number": "00026S",
    "Job_Name": "2024/25 TSD FIRE ALARM",
    "Division": "30",
    "Project_Manager": "",
    "Status_Code": "A"
  },
  {
    "Job_Number": "00027S",
    "Job_Name": "2024/25 ESD REP/SERVICE",
    "Division": "30",
    "Project_Manager": "",
    "Status_Code": "A"
  },
  {
    "Job_Number": "00028S",
    "Job_Name": "WSDOT - KENT",
    "Division": "30",
    "Project_Manager": "",
    "Status_Code": "A"
  },
  {
    "Job_Number": "00029S",
    "Job_Name": "2024/25 HSD FIRE SYSTEMS",
    "Division": "30",
    "Project_Manager": "",
    "Status_Code": "A"
  },
  {
    "Job_Number": "00030S",
    "Job_Name": "2024/25 SMOKE SENSITIVITY",
    "Division": "30",
    "Project_Manager": "",
    "Status_Code": "A"
  },
  {
    "Job_Number": "00031S",
    "Job_Name": "2024/25 3 YEAR FULL TRIP",
    "Division": "30",
    "Project_Manager": "",
    "Status_Code": "A"
  },
  {
    "Job_Number": "00032S",
    "Job_Name": "2024/25 TSD 5 YR INSP",
    "Division": "30",
    "Project_Manager": "",
    "Status_Code": "A"
  },
  {
    "Job_Number": "00033S",
    "Job_Name": "2024/25 ANNUAL LOW POINTS",
    "Division": "30",
    "Project_Manager": "",
    "Status_Code": "A"
  },
  {
    "Job_Number": "00034S",
    "Job_Name": "DEPT. NAT RES DEFIC. REP",
    "Division": "30",
    "Project_Manager": "",
    "Status_Code": "A"
  },
  {
    "Job_Number": "00037S",
    "Job_Name": "DES - TUMWATER COMPOUNDS",
    "Division": "30",
    "Project_Manager": "",
    "Status_Code": "A"
  },
  {
    "Job_Number": "00039S",
    "Job_Name": "DES-DNR CEDAR CREEK CAMP",
    "Division": "30",
    "Project_Manager": "",
    "Status_Code": "A"
  },
  {
    "Job_Number": "00040S",
    "Job_Name": "5 Year Inspections",
    "Division": "30",
    "Project_Manager": "",
    "Status_Code": "A"
  },
  {
    "Job_Number": "00041S",
    "Job_Name": "Repair on Dry System",
    "Division": "30",
    "Project_Manager": "",
    "Status_Code": "A"
  },
  {
    "Job_Number": "00042S",
    "Job_Name": "DES- FT WORDEN SERVICE",
    "Division": "30",
    "Project_Manager": "",
    "Status_Code": "A"
  },
  {
    "Job_Number": "00043S",
    "Job_Name": "3 FULL TRIP/5 YR INSP",
    "Division": "30",
    "Project_Manager": "",
    "Status_Code": "A"
  },
  {
    "Job_Number": "00044S",
    "Job_Name": "WSP Deficiency Repairs",
    "Division": "30",
    "Project_Manager": "",
    "Status_Code": "A"
  },
  {
    "Job_Number": "00045S",
    "Job_Name": "Hot Tar Damage Repair",
    "Division": "30",
    "Project_Manager": "",
    "Status_Code": "A"
  },
  {
    "Job_Number": "01032R",
    "Job_Name": "JOHNSON RESIDENCE",
    "Division": "20",
    "Project_Manager": "IRAPOT",
    "Status_Code": "A"
  },
  {
    "Job_Number": "01127R",
    "Job_Name": "PALKHIVALA RESIDENCE",
    "Division": "20",
    "Project_Manager": "IRAPOT",
    "Status_Code": "A"
  },
  {
    "Job_Number": "01140R",
    "Job_Name": "AJMERA RESIDENCE",
    "Division": "20",
    "Project_Manager": "IRAPOT",
    "Status_Code": "A"
  },
  {
    "Job_Number": "01143R",
    "Job_Name": "HOMAVAND RESIDENCE",
    "Division": "20",
    "Project_Manager": "IRAPOT",
    "Status_Code": "A"
  },
  {
    "Job_Number": "01154R",
    "Job_Name": "6 ACRES",
    "Division": "20",
    "Project_Manager": "IRAPOT",
    "Status_Code": "A"
  },
  {
    "Job_Number": "01167R",
    "Job_Name": "29042 Residence",
    "Division": "20",
    "Project_Manager": "IRAPOT",
    "Status_Code": "A"
  },
  {
    "Job_Number": "01176R",
    "Job_Name": "ROONEY/SONG RESIDENCE",
    "Division": "20",
    "Project_Manager": "IRAPOT",
    "Status_Code": "A"
  },
  {
    "Job_Number": "01177R",
    "Job_Name": "NEBEL RESIDENCE",
    "Division": "20",
    "Project_Manager": "IRAPOT",
    "Status_Code": "A"
  },
  {
    "Job_Number": "01184R",
    "Job_Name": "LASZLO RESIDENCE",
    "Division": "20",
    "Project_Manager": "IRAPOT",
    "Status_Code": "A"
  },
  {
    "Job_Number": "01188R",
    "Job_Name": "WELLS RESIDENCE",
    "Division": "20",
    "Project_Manager": "IRAPOT",
    "Status_Code": "A"
  },
  {
    "Job_Number": "01195R",
    "Job_Name": "HARTMANN ADU",
    "Division": "20",
    "Project_Manager": "IRAPOT",
    "Status_Code": "A"
  },
  {
    "Job_Number": "01209R",
    "Job_Name": "BOLICK/HENRY RESIDENCE",
    "Division": "20",
    "Project_Manager": "IRAPOT",
    "Status_Code": "A"
  },
  {
    "Job_Number": "01215R",
    "Job_Name": "Restad Townhomes",
    "Division": "20",
    "Project_Manager": "IRAPOT",
    "Status_Code": "A"
  },
  {
    "Job_Number": "01218R",
    "Job_Name": "Shin Residence",
    "Division": "20",
    "Project_Manager": "IRAPOT",
    "Status_Code": "A"
  },
  {
    "Job_Number": "01227R",
    "Job_Name": "KAA HOUSE - PO# 0038",
    "Division": "20",
    "Project_Manager": "IRAPOT",
    "Status_Code": "A"
  },
  {
    "Job_Number": "01228R",
    "Job_Name": "Lally Residence",
    "Division": "20",
    "Project_Manager": "IRAPOT",
    "Status_Code": "A"
  },
  {
    "Job_Number": "01229R",
    "Job_Name": "Nelson Residence DADU",
    "Division": "20",
    "Project_Manager": "IRAPOT",
    "Status_Code": "A"
  },
  {
    "Job_Number": "01230R",
    "Job_Name": "Dun Residence",
    "Division": "20",
    "Project_Manager": "IRAPOT",
    "Status_Code": "A"
  },
  {
    "Job_Number": "01231R",
    "Job_Name": "904 Renton Residence",
    "Division": "20",
    "Project_Manager": "IRAPOT",
    "Status_Code": "A"
  },
  {
    "Job_Number": "01233R",
    "Job_Name": "Almondia Residence",
    "Division": "20",
    "Project_Manager": "IRAPOT",
    "Status_Code": "A"
  },
  {
    "Job_Number": "01234R",
    "Job_Name": "Lief Residence",
    "Division": "20",
    "Project_Manager": "IRAPOT",
    "Status_Code": "A"
  },
  {
    "Job_Number": "01235R",
    "Job_Name": "Nielsen Residence",
    "Division": "20",
    "Project_Manager": "IRAPOT",
    "Status_Code": "A"
  },
  {
    "Job_Number": "01236R",
    "Job_Name": "Veniamino Residence",
    "Division": "20",
    "Project_Manager": "IRAPOT",
    "Status_Code": "A"
  },
  {
    "Job_Number": "01237R",
    "Job_Name": "Cheng Residence",
    "Division": "20",
    "Project_Manager": "IRAPOT",
    "Status_Code": "A"
  },
  {
    "Job_Number": "01239R",
    "Job_Name": "Shaw Residence",
    "Division": "20",
    "Project_Manager": "IRAPOT",
    "Status_Code": "A"
  },
  {
    "Job_Number": "01240R",
    "Job_Name": "21510 Maple Valley Resid.",
    "Division": "20",
    "Project_Manager": "IRAPOT",
    "Status_Code": "A"
  },
  {
    "Job_Number": "01241R",
    "Job_Name": "Pate Residence &amp; ADU",
    "Division": "20",
    "Project_Manager": "IRAPOT",
    "Status_Code": "A"
  },
  {
    "Job_Number": "01243R",
    "Job_Name": "2439 Medina Residence",
    "Division": "20",
    "Project_Manager": "IRAPOT",
    "Status_Code": "A"
  },
  {
    "Job_Number": "01244R",
    "Job_Name": "Reubel Residence",
    "Division": "20",
    "Project_Manager": "IRAPOT",
    "Status_Code": "A"
  },
  {
    "Job_Number": "01245R",
    "Job_Name": "829 Residence and ADU",
    "Division": "20",
    "Project_Manager": "IRAPOT",
    "Status_Code": "A"
  },
  {
    "Job_Number": "01246R",
    "Job_Name": "831 DADU",
    "Division": "20",
    "Project_Manager": "IRAPOT",
    "Status_Code": "A"
  },
  {
    "Job_Number": "01247R",
    "Job_Name": "Raz DADU",
    "Division": "20",
    "Project_Manager": "IRAPOT",
    "Status_Code": "A"
  },
  {
    "Job_Number": "01250R",
    "Job_Name": "Goat Hill Residence",
    "Division": "20",
    "Project_Manager": "IRAPOT",
    "Status_Code": "A"
  },
  {
    "Job_Number": "01252R",
    "Job_Name": "Li Residence",
    "Division": "20",
    "Project_Manager": "IRAPOT",
    "Status_Code": "A"
  },
  {
    "Job_Number": "01253R",
    "Job_Name": "Scolnic Residence",
    "Division": "20",
    "Project_Manager": "IRAPOT",
    "Status_Code": "A"
  },
  {
    "Job_Number": "01254R",
    "Job_Name": "Quintanilla Residence",
    "Division": "20",
    "Project_Manager": "IRAPOT",
    "Status_Code": "A"
  },
  {
    "Job_Number": "01255R",
    "Job_Name": "BAER RESIDENCE",
    "Division": "20",
    "Project_Manager": "IRAPOT",
    "Status_Code": "A"
  },
  {
    "Job_Number": "01256R",
    "Job_Name": "Erickson Residence",
    "Division": "20",
    "Project_Manager": "IRAPOT",
    "Status_Code": "A"
  },
  {
    "Job_Number": "01257R",
    "Job_Name": "Kerner Residence Addition",
    "Division": "20",
    "Project_Manager": "IRAPOT",
    "Status_Code": "A"
  },
  {
    "Job_Number": "01258R",
    "Job_Name": "10315 Kent AFH",
    "Division": "20",
    "Project_Manager": "IRAPOT",
    "Status_Code": "A"
  },
  {
    "Job_Number": "01259R",
    "Job_Name": "NAIR RESIDENCE",
    "Division": "20",
    "Project_Manager": "IRAPOT",
    "Status_Code": "A"
  },
  {
    "Job_Number": "01260R",
    "Job_Name": "Test for Ira",
    "Division": "20",
    "Project_Manager": "IRAPOT",
    "Status_Code": "A"
  },
  {
    "Job_Number": "01262R",
    "Job_Name": "DADU 34",
    "Division": "20",
    "Project_Manager": "IRAPOT",
    "Status_Code": "A"
  },
  {
    "Job_Number": "01263R",
    "Job_Name": "Barth Residence and ADU",
    "Division": "20",
    "Project_Manager": "IRAPOT",
    "Status_Code": "A"
  },
  {
    "Job_Number": "01264R",
    "Job_Name": "Wang Residence",
    "Division": "20",
    "Project_Manager": "IRAPOT",
    "Status_Code": "A"
  },
  {
    "Job_Number": "01265R",
    "Job_Name": "Cox Residence",
    "Division": "20",
    "Project_Manager": "IRAPOT",
    "Status_Code": "A"
  },
  {
    "Job_Number": "01266R",
    "Job_Name": "BURLEY RESIDENCE REPAIR",
    "Division": "20",
    "Project_Manager": "IRAPOT",
    "Status_Code": "A"
  },
  {
    "Job_Number": "01267R",
    "Job_Name": "Pierce Residence",
    "Division": "20",
    "Project_Manager": "IRAPOT",
    "Status_Code": "A"
  },
  {
    "Job_Number": "01268R",
    "Job_Name": "Atkins Residence",
    "Division": "20",
    "Project_Manager": "IRAPOT",
    "Status_Code": "A"
  },
  {
    "Job_Number": "04975L",
    "Job_Name": "REDSTONE BUILDING ONE",
    "Division": "40",
    "Project_Manager": "MICREG",
    "Status_Code": "A"
  },
  {
    "Job_Number": "05186C",
    "Job_Name": "RTC - BLDG I GARAGE",
    "Division": "50",
    "Project_Manager": "CLAPOT",
    "Status_Code": "A"
  },
  {
    "Job_Number": "05191L",
    "Job_Name": "SOMM HOTEL AND SPA",
    "Division": "40",
    "Project_Manager": "MICREG",
    "Status_Code": "A"
  },
  {
    "Job_Number": "05215L",
    "Job_Name": "TwoPine",
    "Division": "40",
    "Project_Manager": "MICREG",
    "Status_Code": "A"
  },
  {
    "Job_Number": "05232L",
    "Job_Name": "THE VILLAGE AT TOTEM LAKE",
    "Division": "40",
    "Project_Manager": "MICREG",
    "Status_Code": "A"
  },
  {
    "Job_Number": "05234C",
    "Job_Name": "SILVERDALE HIGHLANDS",
    "Division": "50",
    "Project_Manager": "RICMOY",
    "Status_Code": "A"
  },
  {
    "Job_Number": "05235L",
    "Job_Name": "Bonaventure-Milwaukie OR",
    "Division": "40",
    "Project_Manager": "MICREG",
    "Status_Code": "A"
  },
  {
    "Job_Number": "05236L",
    "Job_Name": "Washington Cathedral",
    "Division": "40",
    "Project_Manager": "MICREG",
    "Status_Code": "A"
  },
  {
    "Job_Number": "05240L",
    "Job_Name": "Auburn T - Hangar",
    "Division": "40",
    "Project_Manager": "MICREG",
    "Status_Code": "A"
  },
  {
    "Job_Number": "05246L",
    "Job_Name": "Lynnwood RideStore",
    "Division": "40",
    "Project_Manager": "MICREG",
    "Status_Code": "A"
  },
  {
    "Job_Number": "05247L",
    "Job_Name": "601 Aurora Hotel",
    "Division": "40",
    "Project_Manager": "MICREG",
    "Status_Code": "A"
  },
  {
    "Job_Number": "05259L",
    "Job_Name": "Pacific Apartments",
    "Division": "40",
    "Project_Manager": "MICREG",
    "Status_Code": "A"
  },
  {
    "Job_Number": "05272L",
    "Job_Name": "Kirkland Maintenance Cntr",
    "Division": "40",
    "Project_Manager": "MICREG",
    "Status_Code": "A"
  },
  {
    "Job_Number": "05275L",
    "Job_Name": "B192 Fire Panel Rplcmnt",
    "Division": "40",
    "Project_Manager": "MICREG",
    "Status_Code": "A"
  },
  {
    "Job_Number": "05292L",
    "Job_Name": "Bridge Point Tacoma 2MM",
    "Division": "40",
    "Project_Manager": "MICREG",
    "Status_Code": "A"
  },
  {
    "Job_Number": "05293L",
    "Job_Name": "Monarch Boutique",
    "Division": "40",
    "Project_Manager": "MICREG",
    "Status_Code": "A"
  },
  {
    "Job_Number": "05319L",
    "Job_Name": "Acer House",
    "Division": "40",
    "Project_Manager": "MICREG",
    "Status_Code": "A"
  },
  {
    "Job_Number": "05336L",
    "Job_Name": "Highline PS Bowling Alley",
    "Division": "40",
    "Project_Manager": "AMAPHI",
    "Status_Code": "A"
  },
  {
    "Job_Number": "05349L",
    "Job_Name": "Genie Redmond-Bldg 6",
    "Division": "40",
    "Project_Manager": "MICREG",
    "Status_Code": "A"
  },
  {
    "Job_Number": "05350L",
    "Job_Name": "Genie Redmond-Bldg 7",
    "Division": "40",
    "Project_Manager": "MICREG",
    "Status_Code": "A"
  },
  {
    "Job_Number": "05351L",
    "Job_Name": "Genie Redmond-Bldg 8",
    "Division": "40",
    "Project_Manager": "MICREG",
    "Status_Code": "A"
  },
  {
    "Job_Number": "05352C",
    "Job_Name": "MOUNT BAY APARTMENTS",
    "Division": "50",
    "Project_Manager": "EVAJOH",
    "Status_Code": "A"
  },
  {
    "Job_Number": "05352L",
    "Job_Name": "Genie Redmond-Bldg 16",
    "Division": "40",
    "Project_Manager": "MICREG",
    "Status_Code": "A"
  },
  {
    "Job_Number": "05355L",
    "Job_Name": "CHIANTI APARTMENTS",
    "Division": "40",
    "Project_Manager": "AMAPHI",
    "Status_Code": "A"
  },
  {
    "Job_Number": "05356L",
    "Job_Name": "Recology Maintenance",
    "Division": "40",
    "Project_Manager": "LYLFOR",
    "Status_Code": "A"
  },
  {
    "Job_Number": "05357L",
    "Job_Name": "RTC Plans &amp; FA Eng",
    "Division": "40",
    "Project_Manager": "LYLFOR",
    "Status_Code": "A"
  },
  {
    "Job_Number": "05361L",
    "Job_Name": "HILTON MOTIF ELEVATOR MOD",
    "Division": "40",
    "Project_Manager": "LYLFOR",
    "Status_Code": "A"
  },
  {
    "Job_Number": "05365L",
    "Job_Name": "LITTLE CREEK CASINO ADMIN",
    "Division": "40",
    "Project_Manager": "MICREG",
    "Status_Code": "A"
  },
  {
    "Job_Number": "05366L",
    "Job_Name": "ASPHALT EQUIPMENT",
    "Division": "40",
    "Project_Manager": "LYLFOR",
    "Status_Code": "A"
  },
  {
    "Job_Number": "05367L",
    "Job_Name": "GREENWOOD APARTMENTS",
    "Division": "40",
    "Project_Manager": "MICREG",
    "Status_Code": "A"
  },
  {
    "Job_Number": "05370L",
    "Job_Name": "DowBuilt Wood Office",
    "Division": "40",
    "Project_Manager": "MICREG",
    "Status_Code": "A"
  },
  {
    "Job_Number": "05371L",
    "Job_Name": "SERRA VISTA BLDG E FACP",
    "Division": "40",
    "Project_Manager": "MICREG",
    "Status_Code": "A"
  },
  {
    "Job_Number": "05372L",
    "Job_Name": "APPLETON CONDOS BLDG C FA",
    "Division": "40",
    "Project_Manager": "LYLFOR",
    "Status_Code": "A"
  },
  {
    "Job_Number": "05374L",
    "Job_Name": "AGENA APARTMENTS",
    "Division": "40",
    "Project_Manager": "LYLFOR",
    "Status_Code": "A"
  },
  {
    "Job_Number": "05375C",
    "Job_Name": "Corporate Campus East",
    "Division": "50",
    "Project_Manager": "CLAPOT",
    "Status_Code": "A"
  },
  {
    "Job_Number": "05375L",
    "Job_Name": "PORT ORCHARD STORAGE 1",
    "Division": "40",
    "Project_Manager": "MICREG",
    "Status_Code": "A"
  },
  {
    "Job_Number": "05376L",
    "Job_Name": "PORT ORCHARD STORAGE 2",
    "Division": "40",
    "Project_Manager": "MICREG",
    "Status_Code": "A"
  },
  {
    "Job_Number": "05377L",
    "Job_Name": "SMC GREENLAKE",
    "Division": "40",
    "Project_Manager": "LYLFOR",
    "Status_Code": "A"
  },
  {
    "Job_Number": "05378L",
    "Job_Name": "PORT OF SEATTLE T46",
    "Division": "40",
    "Project_Manager": "LYLFOR",
    "Status_Code": "A"
  },
  {
    "Job_Number": "05379L",
    "Job_Name": "BELLEVUE NUOVO APARTMENT",
    "Division": "40",
    "Project_Manager": "MICREG",
    "Status_Code": "A"
  },
  {
    "Job_Number": "05386L",
    "Job_Name": "YUGO SEATTLE RIVENDELL",
    "Division": "40",
    "Project_Manager": "MICREG",
    "Status_Code": "A"
  },
  {
    "Job_Number": "05389L",
    "Job_Name": "MARINA SQUARE EXTENDED TI",
    "Division": "40",
    "Project_Manager": "LYLFOR",
    "Status_Code": "A"
  },
  {
    "Job_Number": "05391L",
    "Job_Name": "MARINA SQUARE RESTAURANT",
    "Division": "40",
    "Project_Manager": "LYLFOR",
    "Status_Code": "A"
  },
  {
    "Job_Number": "05393L",
    "Job_Name": "HAMPTON INN TUKWILA NTE",
    "Division": "40",
    "Project_Manager": "DAVWIL",
    "Status_Code": "A"
  },
  {
    "Job_Number": "05394L",
    "Job_Name": "HOTEL MURANO PANEL SWAP",
    "Division": "40",
    "Project_Manager": "DAVWIL",
    "Status_Code": "A"
  },
  {
    "Job_Number": "05395L",
    "Job_Name": "NW Montessori",
    "Division": "40",
    "Project_Manager": "MICREG",
    "Status_Code": "A"
  },
  {
    "Job_Number": "05396L",
    "Job_Name": "TACOMA PS TED BROWN BLDG",
    "Division": "40",
    "Project_Manager": "LYLFOR",
    "Status_Code": "A"
  },
  {
    "Job_Number": "05397L",
    "Job_Name": "TALBOTT RESIDENCE MONITOR",
    "Division": "40",
    "Project_Manager": "LYLFOR",
    "Status_Code": "A"
  },
  {
    "Job_Number": "05398L",
    "Job_Name": "PIER 57 SASQUATCH MOUNT",
    "Division": "40",
    "Project_Manager": "LYLFOR",
    "Status_Code": "A"
  },
  {
    "Job_Number": "05399L",
    "Job_Name": "PROV PT BLDG 121 FACP RET",
    "Division": "40",
    "Project_Manager": "LYLFOR",
    "Status_Code": "A"
  },
  {
    "Job_Number": "05400L",
    "Job_Name": "KENT UNITED METHODIST",
    "Division": "40",
    "Project_Manager": "MICREG",
    "Status_Code": "A"
  },
  {
    "Job_Number": "05401L",
    "Job_Name": "LUTHERAN CHURCH KENT TI",
    "Division": "40",
    "Project_Manager": "DAVWIL",
    "Status_Code": "A"
  },
  {
    "Job_Number": "05402L",
    "Job_Name": "UFCW ASSEMBLY HALL",
    "Division": "40",
    "Project_Manager": "MICREG",
    "Status_Code": "A"
  },
  {
    "Job_Number": "05404L",
    "Job_Name": "MADISON ST SUITE 410",
    "Division": "40",
    "Project_Manager": "MICREG",
    "Status_Code": "A"
  },
  {
    "Job_Number": "05406L",
    "Job_Name": "691 SLEATER KINNEY RD",
    "Division": "40",
    "Project_Manager": "MICREG",
    "Status_Code": "A"
  },
  {
    "Job_Number": "05407L",
    "Job_Name": "UNIVERSITY OF PS FA",
    "Division": "40",
    "Project_Manager": "DAVWIL",
    "Status_Code": "A"
  },
  {
    "Job_Number": "05408L",
    "Job_Name": "GREENHOUSE APARTMENTS",
    "Division": "40",
    "Project_Manager": "LYLFOR",
    "Status_Code": "A"
  },
  {
    "Job_Number": "05409L",
    "Job_Name": "BELLEVUE FIRE STATION",
    "Division": "40",
    "Project_Manager": "LYLFOR",
    "Status_Code": "A"
  },
  {
    "Job_Number": "05410L",
    "Job_Name": "WILLAMETTE BUILDING FA",
    "Division": "40",
    "Project_Manager": "DAVWIL",
    "Status_Code": "A"
  },
  {
    "Job_Number": "05411L",
    "Job_Name": "REDSTONE ONE ELEC BELL",
    "Division": "40",
    "Project_Manager": "LYLFOR",
    "Status_Code": "A"
  },
  {
    "Job_Number": "05412L",
    "Job_Name": "PACIFIC PARK APTS BLDG B",
    "Division": "40",
    "Project_Manager": "LYLFOR",
    "Status_Code": "A"
  },
  {
    "Job_Number": "05413C",
    "Job_Name": "UW Battery Lab",
    "Division": "50",
    "Project_Manager": "DAVMIL",
    "Status_Code": "A"
  },
  {
    "Job_Number": "05413L",
    "Job_Name": "HRT SEATTLE SPEC STE 100",
    "Division": "40",
    "Project_Manager": "LYLFOR",
    "Status_Code": "A"
  },
  {
    "Job_Number": "05414L",
    "Job_Name": "CLIMATE PLEDGE ARENA",
    "Division": "40",
    "Project_Manager": "MICREG",
    "Status_Code": "A"
  },
  {
    "Job_Number": "05415L",
    "Job_Name": "104 49TH FA",
    "Division": "40",
    "Project_Manager": "DAVWIL",
    "Status_Code": "A"
  },
  {
    "Job_Number": "05416L",
    "Job_Name": "Norfolk Bldg - FACP",
    "Division": "40",
    "Project_Manager": "DAVWIL",
    "Status_Code": "A"
  },
  {
    "Job_Number": "05417L",
    "Job_Name": "37 S Hudson",
    "Division": "40",
    "Project_Manager": "LYLFOR",
    "Status_Code": "A"
  },
  {
    "Job_Number": "05418L",
    "Job_Name": "Windsor Ballard TI",
    "Division": "40",
    "Project_Manager": "LYLFOR",
    "Status_Code": "A"
  },
  {
    "Job_Number": "05419L",
    "Job_Name": "REDSTONE CARDIO NOW",
    "Division": "40",
    "Project_Manager": "LYLFOR",
    "Status_Code": "A"
  },
  {
    "Job_Number": "05420L",
    "Job_Name": "TRADER JOE&apos;S",
    "Division": "40",
    "Project_Manager": "MICREG",
    "Status_Code": "A"
  },
  {
    "Job_Number": "05422L",
    "Job_Name": "EGRARI BUILDING",
    "Division": "40",
    "Project_Manager": "LYLFOR",
    "Status_Code": "A"
  },
  {
    "Job_Number": "05423L",
    "Job_Name": "HOMEWOOD SUITES ISSAQ TI",
    "Division": "40",
    "Project_Manager": "DAVWIL",
    "Status_Code": "A"
  },
  {
    "Job_Number": "05424L",
    "Job_Name": "COSTCO EVERETT POS REMOD",
    "Division": "40",
    "Project_Manager": "LYLFOR",
    "Status_Code": "A"
  },
  {
    "Job_Number": "05425L",
    "Job_Name": "REDSTONE CARDIONOW STE250",
    "Division": "40",
    "Project_Manager": "LYLFOR",
    "Status_Code": "A"
  },
  {
    "Job_Number": "05426L",
    "Job_Name": "DOUBLETREE TUKWILA NTE",
    "Division": "40",
    "Project_Manager": "DAVWIL",
    "Status_Code": "A"
  },
  {
    "Job_Number": "05427L",
    "Job_Name": "QUEEN ANNE NODE ENG PERM",
    "Division": "40",
    "Project_Manager": "DAVWIL",
    "Status_Code": "A"
  },
  {
    "Job_Number": "05428L",
    "Job_Name": "EASTPOINTE JUNIPER TI",
    "Division": "40",
    "Project_Manager": "DAVWIL",
    "Status_Code": "A"
  },
  {
    "Job_Number": "05429L",
    "Job_Name": "CLEVELAND ST FA",
    "Division": "40",
    "Project_Manager": "DAVWIL",
    "Status_Code": "A"
  },
  {
    "Job_Number": "05430L",
    "Job_Name": "STOCKBRIDGE APTS FA RETRO",
    "Division": "40",
    "Project_Manager": "LYLFOR",
    "Status_Code": "A"
  },
  {
    "Job_Number": "05431L",
    "Job_Name": "TOTEM LK BLD C CENTERCAL",
    "Division": "40",
    "Project_Manager": "LYLFOR",
    "Status_Code": "A"
  },
  {
    "Job_Number": "05432L",
    "Job_Name": "HANGAR ALPHA TI",
    "Division": "40",
    "Project_Manager": "MICREG",
    "Status_Code": "A"
  },
  {
    "Job_Number": "05433L",
    "Job_Name": "RAVENSWOOD",
    "Division": "40",
    "Project_Manager": "DAVWIL",
    "Status_Code": "A"
  },
  {
    "Job_Number": "05434L",
    "Job_Name": "SEATAC INFLITE FA",
    "Division": "40",
    "Project_Manager": "DAVWIL",
    "Status_Code": "A"
  },
  {
    "Job_Number": "05446C",
    "Job_Name": "TRIPALINK 7TH AVE NE APTS",
    "Division": "50",
    "Project_Manager": "EVAJOH",
    "Status_Code": "A"
  },
  {
    "Job_Number": "05465C",
    "Job_Name": "Auburn Center VA TI",
    "Division": "50",
    "Project_Manager": "DAVMIL",
    "Status_Code": "A"
  },
  {
    "Job_Number": "05472C",
    "Job_Name": "Ruhnke Office TI",
    "Division": "50",
    "Project_Manager": "DAVMIL",
    "Status_Code": "A"
  },
  {
    "Job_Number": "05480C",
    "Job_Name": "Cedarside Commons Ph 1",
    "Division": "50",
    "Project_Manager": "EVAJOH",
    "Status_Code": "A"
  },
  {
    "Job_Number": "05481C",
    "Job_Name": "Cedarside Commons Ph 2",
    "Division": "50",
    "Project_Manager": "EVAJOH",
    "Status_Code": "A"
  },
  {
    "Job_Number": "05486C",
    "Job_Name": "Portofina Villa",
    "Division": "50",
    "Project_Manager": "EVAJOH",
    "Status_Code": "A"
  },
  {
    "Job_Number": "05491C",
    "Job_Name": "Recology Maint. Warehouse",
    "Division": "50",
    "Project_Manager": "CLAPOT",
    "Status_Code": "A"
  },
  {
    "Job_Number": "05493C",
    "Job_Name": "Shoreline Central Animal",
    "Division": "50",
    "Project_Manager": "EVAJOH",
    "Status_Code": "A"
  },
  {
    "Job_Number": "05504C",
    "Job_Name": "Sunrise Banquet",
    "Division": "50",
    "Project_Manager": "DAVMIL",
    "Status_Code": "A"
  },
  {
    "Job_Number": "05511C",
    "Job_Name": "MTH HVAC-Ph 2",
    "Division": "50",
    "Project_Manager": "DAVMIL",
    "Status_Code": "A"
  },
  {
    "Job_Number": "05521C",
    "Job_Name": "Motif Seattle-Frolik Rest",
    "Division": "50",
    "Project_Manager": "CLAPOT",
    "Status_Code": "A"
  },
  {
    "Job_Number": "05524C",
    "Job_Name": "Holiday Inn Tacoma-Gazebo",
    "Division": "50",
    "Project_Manager": "DAVMIL",
    "Status_Code": "A"
  },
  {
    "Job_Number": "05529C",
    "Job_Name": "SOTA Ted Brown Building",
    "Division": "50",
    "Project_Manager": "CLAPOT",
    "Status_Code": "A"
  },
  {
    "Job_Number": "05533C",
    "Job_Name": "EDWARD JONES #20418",
    "Division": "50",
    "Project_Manager": "DAVMIL",
    "Status_Code": "A"
  },
  {
    "Job_Number": "05537C",
    "Job_Name": "SpaceX Redmond",
    "Division": "50",
    "Project_Manager": "JEFJOH",
    "Status_Code": "A"
  },
  {
    "Job_Number": "05539C",
    "Job_Name": "EQC Fife Remodel",
    "Division": "50",
    "Project_Manager": "DAVMIL",
    "Status_Code": "A"
  },
  {
    "Job_Number": "05540C",
    "Job_Name": "Bayview Phase 2",
    "Division": "50",
    "Project_Manager": "JEFJOH",
    "Status_Code": "A"
  },
  {
    "Job_Number": "05541C",
    "Job_Name": "First Hill Plaza",
    "Division": "50",
    "Project_Manager": "CLAPOT",
    "Status_Code": "A"
  },
  {
    "Job_Number": "05542C",
    "Job_Name": "Climate Pledge Arena",
    "Division": "50",
    "Project_Manager": "CLAPOT",
    "Status_Code": "A"
  },
  {
    "Job_Number": "05543C",
    "Job_Name": "WinCo #177 Renton",
    "Division": "50",
    "Project_Manager": "JEFJOH",
    "Status_Code": "A"
  },
  {
    "Job_Number": "05544C",
    "Job_Name": "Rodland Toyota of Everett",
    "Division": "50",
    "Project_Manager": "",
    "Status_Code": "A"
  },
  {
    "Job_Number": "05545C",
    "Job_Name": "Kohl&apos;s #11262 QL Remodel",
    "Division": "50",
    "Project_Manager": "EVAJOH",
    "Status_Code": "A"
  },
  {
    "Job_Number": "05549C",
    "Job_Name": "Helios Lobby Project",
    "Division": "50",
    "Project_Manager": "DAVMIL",
    "Status_Code": "A"
  },
  {
    "Job_Number": "05550C",
    "Job_Name": "Dollar Tree #10688",
    "Division": "50",
    "Project_Manager": "JEFJOH",
    "Status_Code": "A"
  },
  {
    "Job_Number": "05551C",
    "Job_Name": "DISCOUNT TIRE WAS 14 BR",
    "Division": "50",
    "Project_Manager": "JEFJOH",
    "Status_Code": "A"
  },
  {
    "Job_Number": "05552C",
    "Job_Name": "37 S Hudson",
    "Division": "50",
    "Project_Manager": "DAVMIL",
    "Status_Code": "A"
  },
  {
    "Job_Number": "05553C",
    "Job_Name": "Trader Joe&apos;s 292 Lacey",
    "Division": "50",
    "Project_Manager": "DAVMIL",
    "Status_Code": "A"
  },
  {
    "Job_Number": "05554C",
    "Job_Name": "Windsor Ballard Apts",
    "Division": "50",
    "Project_Manager": "DAVMIL",
    "Status_Code": "A"
  },
  {
    "Job_Number": "05556C",
    "Job_Name": "Neighborcare Pikeplace",
    "Division": "50",
    "Project_Manager": "EVAJOH",
    "Status_Code": "A"
  },
  {
    "Job_Number": "05557C",
    "Job_Name": "Trio Condo Bldg 10",
    "Division": "50",
    "Project_Manager": "EVAJOH",
    "Status_Code": "A"
  },
  {
    "Job_Number": "05558C",
    "Job_Name": "Juniper Capital",
    "Division": "50",
    "Project_Manager": "CLAPOT",
    "Status_Code": "A"
  },
  {
    "Job_Number": "05559C",
    "Job_Name": "Washington State Fair",
    "Division": "50",
    "Project_Manager": "CLAPOT",
    "Status_Code": "A"
  },
  {
    "Job_Number": "05560C",
    "Job_Name": "Costco Everett #0114",
    "Division": "50",
    "Project_Manager": "EVAJOH",
    "Status_Code": "A"
  },
  {
    "Job_Number": "05561C",
    "Job_Name": "Connections Youth-Hrdlds",
    "Division": "50",
    "Project_Manager": "DAVMIL",
    "Status_Code": "A"
  },
  {
    "Job_Number": "05562C",
    "Job_Name": "2021 NW Myhre Rd #107",
    "Division": "50",
    "Project_Manager": "EVAJOH",
    "Status_Code": "A"
  },
  {
    "Job_Number": "05563C",
    "Job_Name": "Trader Joe&apos;s",
    "Division": "50",
    "Project_Manager": "JEFJOH",
    "Status_Code": "A"
  },
  {
    "Job_Number": "05564C",
    "Job_Name": "Redmond Commercial",
    "Division": "50",
    "Project_Manager": "CLAPOT",
    "Status_Code": "A"
  },
  {
    "Job_Number": "05565C",
    "Job_Name": "Vuori Seattle (Tulalip)WA",
    "Division": "50",
    "Project_Manager": "MARTRA",
    "Status_Code": "A"
  },
  {
    "Job_Number": "05566C",
    "Job_Name": "RTC Suites F115 &amp; F120",
    "Division": "50",
    "Project_Manager": "CLAPOT",
    "Status_Code": "A"
  }
]