[
  {
    "Job_Number": "INS10",
    "Job_Name": "Inspection Job Master",
    "Division": "10",
    "Project_Manager": "",
    "Status_Code": "A"
  },
  {
    "Job_Number": "SVC30",
    "Job_Name": "Service Job Master",
    "Division": "30",
    "Project_Manager": "",
    "Status_Code": "A"
  },
  {
    "Job_Number": "00005I",
    "Job_Name": "ANNUAL SPRNK, BF, AND FA",
    "Division": "10",
    "Project_Manager": "",
    "Status_Code": "A"
  },
  {
    "Job_Number": "00006I",
    "Job_Name": "ANNUAL SPRNK, BF, AND FA",
    "Division": "10",
    "Project_Manager": "",
    "Status_Code": "A"
  },
  {
    "Job_Number": "00007I",
    "Job_Name": "ANNUAL FEX INSPECTIONS",
    "Division": "10",
    "Project_Manager": "",
    "Status_Code": "A"
  },
  {
    "Job_Number": "00008I",
    "Job_Name": "ANNUAL SPRNKLR &amp; BF INSP",
    "Division": "10",
    "Project_Manager": "",
    "Status_Code": "A"
  },
  {
    "Job_Number": "00009S",
    "Job_Name": "SEATAC DRY SPRKLR REPAIRS",
    "Division": "30",
    "Project_Manager": "",
    "Status_Code": "A"
  },
  {
    "Job_Number": "00010I",
    "Job_Name": "SEMI-ANNUAL CLEAN AGENT",
    "Division": "10",
    "Project_Manager": "",
    "Status_Code": "A"
  },
  {
    "Job_Number": "00011I",
    "Job_Name": "Semi-Annual Clean Agent",
    "Division": "10",
    "Project_Manager": "",
    "Status_Code": "A"
  },
  {
    "Job_Number": "00012I",
    "Job_Name": "ANNUAL FA, SPRINKLER INSP",
    "Division": "10",
    "Project_Manager": "",
    "Status_Code": "A"
  },
  {
    "Job_Number": "00013I",
    "Job_Name": "WA DNR SOUTH PUGET SOUND",
    "Division": "10",
    "Project_Manager": "",
    "Status_Code": "A"
  },
  {
    "Job_Number": "00014I",
    "Job_Name": "WSP ANNUAL FA INSPECTION",
    "Division": "10",
    "Project_Manager": "",
    "Status_Code": "A"
  },
  {
    "Job_Number": "00015I",
    "Job_Name": "DAYTON ANN SPRK &amp; BF INSP",
    "Division": "10",
    "Project_Manager": "",
    "Status_Code": "A"
  },
  {
    "Job_Number": "00018S",
    "Job_Name": "YAKIMA VALLEY",
    "Division": "30",
    "Project_Manager": "",
    "Status_Code": "A"
  },
  {
    "Job_Number": "00025S",
    "Job_Name": "2024/25 TSDFIRE SPRINKLER",
    "Division": "30",
    "Project_Manager": "",
    "Status_Code": "A"
  },
  {
    "Job_Number": "00026S",
    "Job_Name": "2024/25 TSD FIRE ALARM",
    "Division": "30",
    "Project_Manager": "",
    "Status_Code": "A"
  },
  {
    "Job_Number": "00027S",
    "Job_Name": "2024/25 ESD REP/SERVICE",
    "Division": "30",
    "Project_Manager": "",
    "Status_Code": "A"
  },
  {
    "Job_Number": "00028S",
    "Job_Name": "WSDOT - KENT",
    "Division": "30",
    "Project_Manager": "",
    "Status_Code": "A"
  },
  {
    "Job_Number": "00029S",
    "Job_Name": "2024/25 HSD FIRE SYSTEMS",
    "Division": "30",
    "Project_Manager": "",
    "Status_Code": "A"
  },
  {
    "Job_Number": "00030S",
    "Job_Name": "2024/25 SMOKE SENSITIVITY",
    "Division": "30",
    "Project_Manager": "",
    "Status_Code": "A"
  },
  {
    "Job_Number": "00031S",
    "Job_Name": "2024/25 3 YEAR FULL TRIP",
    "Division": "30",
    "Project_Manager": "",
    "Status_Code": "A"
  },
  {
    "Job_Number": "00032S",
    "Job_Name": "2024/25 TSD 5 YR INSP",
    "Division": "30",
    "Project_Manager": "",
    "Status_Code": "A"
  },
  {
    "Job_Number": "00033S",
    "Job_Name": "2024/25 ANNUAL LOW POINTS",
    "Division": "30",
    "Project_Manager": "",
    "Status_Code": "A"
  },
  {
    "Job_Number": "00034S",
    "Job_Name": "DEPT. NAT RES DEFIC. REP",
    "Division": "30",
    "Project_Manager": "",
    "Status_Code": "A"
  },
  {
    "Job_Number": "00037S",
    "Job_Name": "DES - TUMWATER COMPOUNDS",
    "Division": "30",
    "Project_Manager": "",
    "Status_Code": "A"
  },
  {
    "Job_Number": "00039S",
    "Job_Name": "DES-DNR CEDAR CREEK CAMP",
    "Division": "30",
    "Project_Manager": "",
    "Status_Code": "A"
  },
  {
    "Job_Number": "00040S",
    "Job_Name": "5 Year Inspections",
    "Division": "30",
    "Project_Manager": "",
    "Status_Code": "A"
  },
  {
    "Job_Number": "00041S",
    "Job_Name": "Repair on Dry System",
    "Division": "30",
    "Project_Manager": "",
    "Status_Code": "A"
  },
  {
    "Job_Number": "00042S",
    "Job_Name": "DES- FT WORDEN SERVICE",
    "Division": "30",
    "Project_Manager": "",
    "Status_Code": "A"
  },
  {
    "Job_Number": "00043S",
    "Job_Name": "3 FULL TRIP/5 YR INSP",
    "Division": "30",
    "Project_Manager": "",
    "Status_Code": "A"
  },
  {
    "Job_Number": "00044S",
    "Job_Name": "WSP Deficiency Repairs",
    "Division": "30",
    "Project_Manager": "",
    "Status_Code": "A"
  },
  {
    "Job_Number": "00045S",
    "Job_Name": "Hot Tar Damage Repair",
    "Division": "30",
    "Project_Manager": "",
    "Status_Code": "A"
  },
  {
    "Job_Number": "01032R",
    "Job_Name": "JOHNSON RESIDENCE",
    "Division": "20",
    "Project_Manager": "IRAPOT",
    "Status_Code": "A"
  },
  {
    "Job_Number": "01127R",
    "Job_Name": "PALKHIVALA RESIDENCE",
    "Division": "20",
    "Project_Manager": "IRAPOT",
    "Status_Code": "A"
  },
  {
    "Job_Number": "01140R",
    "Job_Name": "AJMERA RESIDENCE",
    "Division": "20",
    "Project_Manager": "IRAPOT",
    "Status_Code": "A"
  },
  {
    "Job_Number": "01143R",
    "Job_Name": "HOMAVAND RESIDENCE",
    "Division": "20",
    "Project_Manager": "IRAPOT",
    "Status_Code": "A"
  },
  {
    "Job_Number": "01154R",
    "Job_Name": "6 ACRES",
    "Division": "20",
    "Project_Manager": "IRAPOT",
    "Status_Code": "A"
  },
  {
    "Job_Number": "01167R",
    "Job_Name": "29042 Residence",
    "Division": "20",
    "Project_Manager": "IRAPOT",
    "Status_Code": "A"
  },
  {
    "Job_Number": "01176R",
    "Job_Name": "ROONEY/SONG RESIDENCE",
    "Division": "20",
    "Project_Manager": "IRAPOT",
    "Status_Code": "A"
  },
  {
    "Job_Number": "01177R",
    "Job_Name": "NEBEL RESIDENCE",
    "Division": "20",
    "Project_Manager": "IRAPOT",
    "Status_Code": "A"
  },
  {
    "Job_Number": "01184R",
    "Job_Name": "LASZLO RESIDENCE",
    "Division": "20",
    "Project_Manager": "IRAPOT",
    "Status_Code": "A"
  },
  {
    "Job_Number": "01188R",
    "Job_Name": "WELLS RESIDENCE",
    "Division": "20",
    "Project_Manager": "IRAPOT",
    "Status_Code": "A"
  },
  {
    "Job_Number": "01195R",
    "Job_Name": "HARTMANN ADU",
    "Division": "20",
    "Project_Manager": "IRAPOT",
    "Status_Code": "A"
  },
  {
    "Job_Number": "01209R",
    "Job_Name": "BOLICK/HENRY RESIDENCE",
    "Division": "20",
    "Project_Manager": "IRAPOT",
    "Status_Code": "A"
  },
  {
    "Job_Number": "01215R",
    "Job_Name": "Restad Townhomes",
    "Division": "20",
    "Project_Manager": "IRAPOT",
    "Status_Code": "A"
  },
  {
    "Job_Number": "01218R",
    "Job_Name": "Shin Residence",
    "Division": "20",
    "Project_Manager": "IRAPOT",
    "Status_Code": "A"
  },
  {
    "Job_Number": "01227R",
    "Job_Name": "KAA HOUSE - PO# 0038",
    "Division": "20",
    "Project_Manager": "IRAPOT",
    "Status_Code": "A"
  },
  {
    "Job_Number": "01228R",
    "Job_Name": "Lally Residence",
    "Division": "20",
    "Project_Manager": "IRAPOT",
    "Status_Code": "A"
  },
  {
    "Job_Number": "01229R",
    "Job_Name": "Nelson Residence DADU",
    "Division": "20",
    "Project_Manager": "IRAPOT",
    "Status_Code": "A"
  },
  {
    "Job_Number": "01230R",
    "Job_Name": "Dun Residence",
    "Division": "20",
    "Project_Manager": "IRAPOT",
    "Status_Code": "A"
  },
  {
    "Job_Number": "01231R",
    "Job_Name": "904 Renton Residence",
    "Division": "20",
    "Project_Manager": "IRAPOT",
    "Status_Code": "A"
  },
  {
    "Job_Number": "01233R",
    "Job_Name": "Almondia Residence",
    "Division": "20",
    "Project_Manager": "IRAPOT",
    "Status_Code": "A"
  },
  {
    "Job_Number": "01234R",
    "Job_Name": "Lief Residence",
    "Division": "20",
    "Project_Manager": "IRAPOT",
    "Status_Code": "A"
  },
  {
    "Job_Number": "01235R",
    "Job_Name": "Nielsen Residence",
    "Division": "20",
    "Project_Manager": "IRAPOT",
    "Status_Code": "A"
  },
  {
    "Job_Number": "01236R",
    "Job_Name": "Veniamino Residence",
    "Division": "20",
    "Project_Manager": "IRAPOT",
    "Status_Code": "A"
  },
  {
    "Job_Number": "01237R",
    "Job_Name": "Cheng Residence",
    "Division": "20",
    "Project_Manager": "IRAPOT",
    "Status_Code": "A"
  },
  {
    "Job_Number": "01239R",
    "Job_Name": "Shaw Residence",
    "Division": "20",
    "Project_Manager": "IRAPOT",
    "Status_Code": "A"
  },
  {
    "Job_Number": "01240R",
    "Job_Name": "21510 Maple Valley Resid.",
    "Division": "20",
    "Project_Manager": "IRAPOT",
    "Status_Code": "A"
  },
  {
    "Job_Number": "01241R",
    "Job_Name": "Pate Residence &amp; ADU",
    "Division": "20",
    "Project_Manager": "IRAPOT",
    "Status_Code": "A"
  },
  {
    "Job_Number": "01243R",
    "Job_Name": "2439 Medina Residence",
    "Division": "20",
    "Project_Manager": "IRAPOT",
    "Status_Code": "A"
  },
  {
    "Job_Number": "01244R",
    "Job_Name": "Reubel Residence",
    "Division": "20",
    "Project_Manager": "IRAPOT",
    "Status_Code": "A"
  },
  {
    "Job_Number": "01245R",
    "Job_Name": "829 Residence and ADU",
    "Division": "20",
    "Project_Manager": "IRAPOT",
    "Status_Code": "A"
  },
  {
    "Job_Number": "01246R",
    "Job_Name": "831 DADU",
    "Division": "20",
    "Project_Manager": "IRAPOT",
    "Status_Code": "A"
  },
  {
    "Job_Number": "01247R",
    "Job_Name": "Raz DADU",
    "Division": "20",
    "Project_Manager": "IRAPOT",
    "Status_Code": "A"
  },
  {
    "Job_Number": "01250R",
    "Job_Name": "Goat Hill Residence",
    "Division": "20",
    "Project_Manager": "IRAPOT",
    "Status_Code": "A"
  },
  {
    "Job_Number": "01252R",
    "Job_Name": "Li Residence",
    "Division": "20",
    "Project_Manager": "IRAPOT",
    "Status_Code": "A"
  },
  {
    "Job_Number": "01253R",
    "Job_Name": "Scolnic Residence",
    "Division": "20",
    "Project_Manager": "IRAPOT",
    "Status_Code": "A"
  },
  {
    "Job_Number": "01254R",
    "Job_Name": "Quintanilla Residence",
    "Division": "20",
    "Project_Manager": "IRAPOT",
    "Status_Code": "A"
  },
  {
    "Job_Number": "01255R",
    "Job_Name": "BAER RESIDENCE",
    "Division": "20",
    "Project_Manager": "IRAPOT",
    "Status_Code": "A"
  },
  {
    "Job_Number": "01256R",
    "Job_Name": "Erickson Residence",
    "Division": "20",
    "Project_Manager": "IRAPOT",
    "Status_Code": "A"
  },
  {
    "Job_Number": "01257R",
    "Job_Name": "Kerner Residence Addition",
    "Division": "20",
    "Project_Manager": "IRAPOT",
    "Status_Code": "A"
  },
  {
    "Job_Number": "01258R",
    "Job_Name": "10315 Kent AFH",
    "Division": "20",
    "Project_Manager": "IRAPOT",
    "Status_Code": "A"
  },
  {
    "Job_Number": "01259R",
    "Job_Name": "NAIR RESIDENCE",
    "Division": "20",
    "Project_Manager": "IRAPOT",
    "Status_Code": "A"
  },
  {
    "Job_Number": "01260R",
    "Job_Name": "Test for Ira",
    "Division": "20",
    "Project_Manager": "IRAPOT",
    "Status_Code": "A"
  },
  {
    "Job_Number": "01262R",
    "Job_Name": "DADU 34",
    "Division": "20",
    "Project_Manager": "IRAPOT",
    "Status_Code": "A"
  },
  {
    "Job_Number": "01263R",
    "Job_Name": "Barth Residence and ADU",
    "Division": "20",
    "Project_Manager": "IRAPOT",
    "Status_Code": "A"
  },
  {
    "Job_Number": "01264R",
    "Job_Name": "Wang Residence",
    "Division": "20",
    "Project_Manager": "IRAPOT",
    "Status_Code": "A"
  },
  {
    "Job_Number": "01265R",
    "Job_Name": "Cox Residence",
    "Division": "20",
    "Project_Manager": "IRAPOT",
    "Status_Code": "A"
  },
  {
    "Job_Number": "01266R",
    "Job_Name": "BURLEY RESIDENCE REPAIR",
    "Division": "20",
    "Project_Manager": "IRAPOT",
    "Status_Code": "A"
  },
  {
    "Job_Number": "01267R",
    "Job_Name": "Pierce Residence",
    "Division": "20",
    "Project_Manager": "IRAPOT",
    "Status_Code": "A"
  },
  {
    "Job_Number": "01268R",
    "Job_Name": "Atkins Residence",
    "Division": "20",
    "Project_Manager": "IRAPOT",
    "Status_Code": "A"
  },
  {
    "Job_Number": "04975L",
    "Job_Name": "REDSTONE BUILDING ONE",
    "Division": "40",
    "Project_Manager": "MICREG",
    "Status_Code": "A"
  },
  {
    "Job_Number": "05186C",
    "Job_Name": "RTC - BLDG I GARAGE",
    "Division": "50",
    "Project_Manager": "CLAPOT",
    "Status_Code": "A"
  },
  {
    "Job_Number": "05191L",
    "Job_Name": "SOMM HOTEL AND SPA",
    "Division": "40",
    "Project_Manager": "MICREG",
    "Status_Code": "A"
  },
  {
    "Job_Number": "05215L",
    "Job_Name": "TwoPine",
    "Division": "40",
    "Project_Manager": "MICREG",
    "Status_Code": "A"
  },
  {
    "Job_Number": "05232L",
    "Job_Name": "THE VILLAGE AT TOTEM LAKE",
    "Division": "40",
    "Project_Manager": "MICREG",
    "Status_Code": "A"
  },
  {
    "Job_Number": "05234C",
    "Job_Name": "SILVERDALE HIGHLANDS",
    "Division": "50",
    "Project_Manager": "RICMOY",
    "Status_Code": "A"
  },
  {
    "Job_Number": "05235L",
    "Job_Name": "Bonaventure-Milwaukie OR",
    "Division": "40",
    "Project_Manager": "MICREG",
    "Status_Code": "A"
  },
  {
    "Job_Number": "05236L",
    "Job_Name": "Washington Cathedral",
    "Division": "40",
    "Project_Manager": "MICREG",
    "Status_Code": "A"
  },
  {
    "Job_Number": "05240L",
    "Job_Name": "Auburn T - Hangar",
    "Division": "40",
    "Project_Manager": "MICREG",
    "Status_Code": "A"
  },
  {
    "Job_Number": "05246L",
    "Job_Name": "Lynnwood RideStore",
    "Division": "40",
    "Project_Manager": "MICREG",
    "Status_Code": "A"
  },
  {
    "Job_Number": "05247L",
    "Job_Name": "601 Aurora Hotel",
    "Division": "40",
    "Project_Manager": "MICREG",
    "Status_Code": "A"
  },
  {
    "Job_Number": "05259L",
    "Job_Name": "Pacific Apartments",
    "Division": "40",
    "Project_Manager": "MICREG",
    "Status_Code": "A"
  },
  {
    "Job_Number": "05272L",
    "Job_Name": "Kirkland Maintenance Cntr",
    "Division": "40",
    "Project_Manager": "MICREG",
    "Status_Code": "A"
  },
  {
    "Job_Number": "05275L",
    "Job_Name": "B192 Fire Panel Rplcmnt",
    "Division": "40",
    "Project_Manager": "MICREG",
    "Status_Code": "A"
  },
  {
    "Job_Number": "05292L",
    "Job_Name": "Bridge Point Tacoma 2MM",
    "Division": "40",
    "Project_Manager": "MICREG",
    "Status_Code": "A"
  },
  {
    "Job_Number": "05293L",
    "Job_Name": "Monarch Boutique",
    "Division": "40",
    "Project_Manager": "MICREG",
    "Status_Code": "A"
  },
  {
    "Job_Number": "05319L",
    "Job_Name": "Acer House",
    "Division": "40",
    "Project_Manager": "MICREG",
    "Status_Code": "A"
  },
  {
    "Job_Number": "05336L",
    "Job_Name": "Highline PS Bowling Alley",
    "Division": "40",
    "Project_Manager": "AMAPHI",
    "Status_Code": "A"
  },
  {
    "Job_Number": "05349L",
    "Job_Name": "Genie Redmond-Bldg 6",
    "Division": "40",
    "Project_Manager": "MICREG",
    "Status_Code": "A"
  },
  {
    "Job_Number": "05350L",
    "Job_Name": "Genie Redmond-Bldg 7",
    "Division": "40",
    "Project_Manager": "MICREG",
    "Status_Code": "A"
  },
  {
    "Job_Number": "05351L",
    "Job_Name": "Genie Redmond-Bldg 8",
    "Division": "40",
    "Project_Manager": "MICREG",
    "Status_Code": "A"
  },
  {
    "Job_Number": "05352C",
    "Job_Name": "MOUNT BAY APARTMENTS",
    "Division": "50",
    "Project_Manager": "EVAJOH",
    "Status_Code": "A"
  },
  {
    "Job_Number": "05352L",
    "Job_Name": "Genie Redmond-Bldg 16",
    "Division": "40",
    "Project_Manager": "MICREG",
    "Status_Code": "A"
  },
  {
    "Job_Number": "05355L",
    "Job_Name": "CHIANTI APARTMENTS",
    "Division": "40",
    "Project_Manager": "AMAPHI",
    "Status_Code": "A"
  },
  {
    "Job_Number": "05356L",
    "Job_Name": "Recology Maintenance",
    "Division": "40",
    "Project_Manager": "LYLFOR",
    "Status_Code": "A"
  },
  {
    "Job_Number": "05357L",
    "Job_Name": "RTC Plans &amp; FA Eng",
    "Division": "40",
    "Project_Manager": "LYLFOR",
    "Status_Code": "A"
  },
  {
    "Job_Number": "05361L",
    "Job_Name": "HILTON MOTIF ELEVATOR MOD",
    "Division": "40",
    "Project_Manager": "LYLFOR",
    "Status_Code": "A"
  },
  {
    "Job_Number": "05365L",
    "Job_Name": "LITTLE CREEK CASINO ADMIN",
    "Division": "40",
    "Project_Manager": "MICREG",
    "Status_Code": "A"
  },
  {
    "Job_Number": "05366L",
    "Job_Name": "ASPHALT EQUIPMENT",
    "Division": "40",
    "Project_Manager": "LYLFOR",
    "Status_Code": "A"
  },
  {
    "Job_Number": "05367L",
    "Job_Name": "GREENWOOD APARTMENTS",
    "Division": "40",
    "Project_Manager": "MICREG",
    "Status_Code": "A"
  },
  {
    "Job_Number": "05370L",
    "Job_Name": "DowBuilt Wood Office",
    "Division": "40",
    "Project_Manager": "MICREG",
    "Status_Code": "A"
  },
  {
    "Job_Number": "05371L",
    "Job_Name": "SERRA VISTA BLDG E FACP",
    "Division": "40",
    "Project_Manager": "MICREG",
    "Status_Code": "A"
  },
  {
    "Job_Number": "05372L",
    "Job_Name": "APPLETON CONDOS BLDG C FA",
    "Division": "40",
    "Project_Manager": "LYLFOR",
    "Status_Code": "A"
  },
  {
    "Job_Number": "05374L",
    "Job_Name": "AGENA APARTMENTS",
    "Division": "40",
    "Project_Manager": "LYLFOR",
    "Status_Code": "A"
  },
  {
    "Job_Number": "05375C",
    "Job_Name": "Corporate Campus East",
    "Division": "50",
    "Project_Manager": "CLAPOT",
    "Status_Code": "A"
  },
  {
    "Job_Number": "05375L",
    "Job_Name": "PORT ORCHARD STORAGE 1",
    "Division": "40",
    "Project_Manager": "MICREG",
    "Status_Code": "A"
  },
  {
    "Job_Number": "05376L",
    "Job_Name": "PORT ORCHARD STORAGE 2",
    "Division": "40",
    "Project_Manager": "MICREG",
    "Status_Code": "A"
  },
  {
    "Job_Number": "05377L",
    "Job_Name": "SMC GREENLAKE",
    "Division": "40",
    "Project_Manager": "LYLFOR",
    "Status_Code": "A"
  },
  {
    "Job_Number": "05378L",
    "Job_Name": "PORT OF SEATTLE T46",
    "Division": "40",
    "Project_Manager": "LYLFOR",
    "Status_Code": "A"
  },
  {
    "Job_Number": "05379L",
    "Job_Name": "BELLEVUE NUOVO APARTMENT",
    "Division": "40",
    "Project_Manager": "MICREG",
    "Status_Code": "A"
  },
  {
    "Job_Number": "05386L",
    "Job_Name": "YUGO SEATTLE RIVENDELL",
    "Division": "40",
    "Project_Manager": "MICREG",
    "Status_Code": "A"
  },
  {
    "Job_Number": "05389L",
    "Job_Name": "MARINA SQUARE EXTENDED TI",
    "Division": "40",
    "Project_Manager": "LYLFOR",
    "Status_Code": "A"
  },
  {
    "Job_Number": "05391L",
    "Job_Name": "MARINA SQUARE RESTAURANT",
    "Division": "40",
    "Project_Manager": "LYLFOR",
    "Status_Code": "A"
  },
  {
    "Job_Number": "05393L",
    "Job_Name": "HAMPTON INN TUKWILA NTE",
    "Division": "40",
    "Project_Manager": "DAVWIL",
    "Status_Code": "A"
  },
  {
    "Job_Number": "05394L",
    "Job_Name": "HOTEL MURANO PANEL SWAP",
    "Division": "40",
    "Project_Manager": "DAVWIL",
    "Status_Code": "A"
  },
  {
    "Job_Number": "05395L",
    "Job_Name": "NW Montessori",
    "Division": "40",
    "Project_Manager": "MICREG",
    "Status_Code": "A"
  },
  {
    "Job_Number": "05396L",
    "Job_Name": "TACOMA PS TED BROWN BLDG",
    "Division": "40",
    "Project_Manager": "LYLFOR",
    "Status_Code": "A"
  },
  {
    "Job_Number": "05397L",
    "Job_Name": "TALBOTT RESIDENCE MONITOR",
    "Division": "40",
    "Project_Manager": "LYLFOR",
    "Status_Code": "A"
  },
  {
    "Job_Number": "05398L",
    "Job_Name": "PIER 57 SASQUATCH MOUNT",
    "Division": "40",
    "Project_Manager": "LYLFOR",
    "Status_Code": "A"
  },
  {
    "Job_Number": "05399L",
    "Job_Name": "PROV PT BLDG 121 FACP RET",
    "Division": "40",
    "Project_Manager": "LYLFOR",
    "Status_Code": "A"
  },
  {
    "Job_Number": "05400L",
    "Job_Name": "KENT UNITED METHODIST",
    "Division": "40",
    "Project_Manager": "MICREG",
    "Status_Code": "A"
  },
  {
    "Job_Number": "05401L",
    "Job_Name": "LUTHERAN CHURCH KENT TI",
    "Division": "40",
    "Project_Manager": "DAVWIL",
    "Status_Code": "A"
  },
  {
    "Job_Number": "05402L",
    "Job_Name": "UFCW ASSEMBLY HALL",
    "Division": "40",
    "Project_Manager": "MICREG",
    "Status_Code": "A"
  },
  {
    "Job_Number": "05404L",
    "Job_Name": "MADISON ST SUITE 410",
    "Division": "40",
    "Project_Manager": "MICREG",
    "Status_Code": "A"
  },
  {
    "Job_Number": "05406L",
    "Job_Name": "691 SLEATER KINNEY RD",
    "Division": "40",
    "Project_Manager": "MICREG",
    "Status_Code": "A"
  },
  {
    "Job_Number": "05407L",
    "Job_Name": "UNIVERSITY OF PS FA",
    "Division": "40",
    "Project_Manager": "DAVWIL",
    "Status_Code": "A"
  },
  {
    "Job_Number": "05408L",
    "Job_Name": "GREENHOUSE APARTMENTS",
    "Division": "40",
    "Project_Manager": "LYLFOR",
    "Status_Code": "A"
  },
  {
    "Job_Number": "05409L",
    "Job_Name": "BELLEVUE FIRE STATION",
    "Division": "40",
    "Project_Manager": "LYLFOR",
    "Status_Code": "A"
  },
  {
    "Job_Number": "05410L",
    "Job_Name": "WILLAMETTE BUILDING FA",
    "Division": "40",
    "Project_Manager": "DAVWIL",
    "Status_Code": "A"
  },
  {
    "Job_Number": "05411L",
    "Job_Name": "REDSTONE ONE ELEC BELL",
    "Division": "40",
    "Project_Manager": "LYLFOR",
    "Status_Code": "A"
  },
  {
    "Job_Number": "05412L",
    "Job_Name": "PACIFIC PARK APTS BLDG B",
    "Division": "40",
    "Project_Manager": "LYLFOR",
    "Status_Code": "A"
  },
  {
    "Job_Number": "05413C",
    "Job_Name": "UW Battery Lab",
    "Division": "50",
    "Project_Manager": "DAVMIL",
    "Status_Code": "A"
  },
  {
    "Job_Number": "05413L",
    "Job_Name": "HRT SEATTLE SPEC STE 100",
    "Division": "40",
    "Project_Manager": "LYLFOR",
    "Status_Code": "A"
  },
  {
    "Job_Number": "05414L",
    "Job_Name": "CLIMATE PLEDGE ARENA",
    "Division": "40",
    "Project_Manager": "MICREG",
    "Status_Code": "A"
  },
  {
    "Job_Number": "05415L",
    "Job_Name": "104 49TH FA",
    "Division": "40",
    "Project_Manager": "DAVWIL",
    "Status_Code": "A"
  },
  {
    "Job_Number": "05416L",
    "Job_Name": "Norfolk Bldg - FACP",
    "Division": "40",
    "Project_Manager": "DAVWIL",
    "Status_Code": "A"
  },
  {
    "Job_Number": "05417L",
    "Job_Name": "37 S Hudson",
    "Division": "40",
    "Project_Manager": "LYLFOR",
    "Status_Code": "A"
  },
  {
    "Job_Number": "05418L",
    "Job_Name": "Windsor Ballard TI",
    "Division": "40",
    "Project_Manager": "LYLFOR",
    "Status_Code": "A"
  },
  {
    "Job_Number": "05419L",
    "Job_Name": "REDSTONE CARDIO NOW",
    "Division": "40",
    "Project_Manager": "LYLFOR",
    "Status_Code": "A"
  },
  {
    "Job_Number": "05420L",
    "Job_Name": "TRADER JOE&apos;S",
    "Division": "40",
    "Project_Manager": "MICREG",
    "Status_Code": "A"
  },
  {
    "Job_Number": "05422L",
    "Job_Name": "EGRARI BUILDING",
    "Division": "40",
    "Project_Manager": "LYLFOR",
    "Status_Code": "A"
  },
  {
    "Job_Number": "05423L",
    "Job_Name": "HOMEWOOD SUITES ISSAQ TI",
    "Division": "40",
    "Project_Manager": "DAVWIL",
    "Status_Code": "A"
  },
  {
    "Job_Number": "05424L",
    "Job_Name": "COSTCO EVERETT POS REMOD",
    "Division": "40",
    "Project_Manager": "LYLFOR",
    "Status_Code": "A"
  },
  {
    "Job_Number": "05425L",
    "Job_Name": "REDSTONE CARDIONOW STE250",
    "Division": "40",
    "Project_Manager": "LYLFOR",
    "Status_Code": "A"
  },
  {
    "Job_Number": "05426L",
    "Job_Name": "DOUBLETREE TUKWILA NTE",
    "Division": "40",
    "Project_Manager": "DAVWIL",
    "Status_Code": "A"
  },
  {
    "Job_Number": "05427L",
    "Job_Name": "QUEEN ANNE NODE ENG PERM",
    "Division": "40",
    "Project_Manager": "DAVWIL",
    "Status_Code": "A"
  },
  {
    "Job_Number": "05428L",
    "Job_Name": "EASTPOINTE JUNIPER TI",
    "Division": "40",
    "Project_Manager": "DAVWIL",
    "Status_Code": "A"
  },
  {
    "Job_Number": "05429L",
    "Job_Name": "CLEVELAND ST FA",
    "Division": "40",
    "Project_Manager": "DAVWIL",
    "Status_Code": "A"
  },
  {
    "Job_Number": "05430L",
    "Job_Name": "STOCKBRIDGE APTS FA RETRO",
    "Division": "40",
    "Project_Manager": "LYLFOR",
    "Status_Code": "A"
  },
  {
    "Job_Number": "05431L",
    "Job_Name": "TOTEM LK BLD C CENTERCAL",
    "Division": "40",
    "Project_Manager": "LYLFOR",
    "Status_Code": "A"
  },
  {
    "Job_Number": "05432L",
    "Job_Name": "HANGAR ALPHA TI",
    "Division": "40",
    "Project_Manager": "MICREG",
    "Status_Code": "A"
  },
  {
    "Job_Number": "05433L",
    "Job_Name": "RAVENSWOOD",
    "Division": "40",
    "Project_Manager": "DAVWIL",
    "Status_Code": "A"
  },
  {
    "Job_Number": "05434L",
    "Job_Name": "SEATAC INFLITE FA",
    "Division": "40",
    "Project_Manager": "DAVWIL",
    "Status_Code": "A"
  },
  {
    "Job_Number": "05446C",
    "Job_Name": "TRIPALINK 7TH AVE NE APTS",
    "Division": "50",
    "Project_Manager": "EVAJOH",
    "Status_Code": "A"
  },
  {
    "Job_Number": "05465C",
    "Job_Name": "Auburn Center VA TI",
    "Division": "50",
    "Project_Manager": "DAVMIL",
    "Status_Code": "A"
  },
  {
    "Job_Number": "05472C",
    "Job_Name": "Ruhnke Office TI",
    "Division": "50",
    "Project_Manager": "DAVMIL",
    "Status_Code": "A"
  },
  {
    "Job_Number": "05480C",
    "Job_Name": "Cedarside Commons Ph 1",
    "Division": "50",
    "Project_Manager": "EVAJOH",
    "Status_Code": "A"
  },
  {
    "Job_Number": "05481C",
    "Job_Name": "Cedarside Commons Ph 2",
    "Division": "50",
    "Project_Manager": "EVAJOH",
    "Status_Code": "A"
  },
  {
    "Job_Number": "05486C",
    "Job_Name": "Portofina Villa",
    "Division": "50",
    "Project_Manager": "EVAJOH",
    "Status_Code": "A"
  },
  {
    "Job_Number": "05491C",
    "Job_Name": "Recology Maint. Warehouse",
    "Division": "50",
    "Project_Manager": "CLAPOT",
    "Status_Code": "A"
  },
  {
    "Job_Number": "05493C",
    "Job_Name": "Shoreline Central Animal",
    "Division": "50",
    "Project_Manager": "EVAJOH",
    "Status_Code": "A"
  },
  {
    "Job_Number": "05504C",
    "Job_Name": "Sunrise Banquet",
    "Division": "50",
    "Project_Manager": "DAVMIL",
    "Status_Code": "A"
  },
  {
    "Job_Number": "05511C",
    "Job_Name": "MTH HVAC-Ph 2",
    "Division": "50",
    "Project_Manager": "DAVMIL",
    "Status_Code": "A"
  },
  {
    "Job_Number": "05521C",
    "Job_Name": "Motif Seattle-Frolik Rest",
    "Division": "50",
    "Project_Manager": "CLAPOT",
    "Status_Code": "A"
  },
  {
    "Job_Number": "05524C",
    "Job_Name": "Holiday Inn Tacoma-Gazebo",
    "Division": "50",
    "Project_Manager": "DAVMIL",
    "Status_Code": "A"
  },
  {
    "Job_Number": "05529C",
    "Job_Name": "SOTA Ted Brown Building",
    "Division": "50",
    "Project_Manager": "CLAPOT",
    "Status_Code": "A"
  },
  {
    "Job_Number": "05533C",
    "Job_Name": "EDWARD JONES #20418",
    "Division": "50",
    "Project_Manager": "DAVMIL",
    "Status_Code": "A"
  },
  {
    "Job_Number": "05537C",
    "Job_Name": "SpaceX Redmond",
    "Division": "50",
    "Project_Manager": "JEFJOH",
    "Status_Code": "A"
  },
  {
    "Job_Number": "05539C",
    "Job_Name": "EQC Fife Remodel",
    "Division": "50",
    "Project_Manager": "DAVMIL",
    "Status_Code": "A"
  },
  {
    "Job_Number": "05540C",
    "Job_Name": "Bayview Phase 2",
    "Division": "50",
    "Project_Manager": "JEFJOH",
    "Status_Code": "A"
  },
  {
    "Job_Number": "05541C",
    "Job_Name": "First Hill Plaza",
    "Division": "50",
    "Project_Manager": "CLAPOT",
    "Status_Code": "A"
  },
  {
    "Job_Number": "05542C",
    "Job_Name": "Climate Pledge Arena",
    "Division": "50",
    "Project_Manager": "CLAPOT",
    "Status_Code": "A"
  },
  {
    "Job_Number": "05543C",
    "Job_Name": "WinCo #177 Renton",
    "Division": "50",
    "Project_Manager": "JEFJOH",
    "Status_Code": "A"
  },
  {
    "Job_Number": "05544C",
    "Job_Name": "Rodland Toyota of Everett",
    "Division": "50",
    "Project_Manager": "",
    "Status_Code": "A"
  },
  {
    "Job_Number": "05545C",
    "Job_Name": "Kohl&apos;s #11262 QL Remodel",
    "Division": "50",
    "Project_Manager": "EVAJOH",
    "Status_Code": "A"
  },
  {
    "Job_Number": "05549C",
    "Job_Name": "Helios Lobby Project",
    "Division": "50",
    "Project_Manager": "DAVMIL",
    "Status_Code": "A"
  },
  {
    "Job_Number": "05550C",
    "Job_Name": "Dollar Tree #10688",
    "Division": "50",
    "Project_Manager": "JEFJOH",
    "Status_Code": "A"
  },
  {
    "Job_Number": "05551C",
    "Job_Name": "DISCOUNT TIRE WAS 14 BR",
    "Division": "50",
    "Project_Manager": "JEFJOH",
    "Status_Code": "A"
  },
  {
    "Job_Number": "05552C",
    "Job_Name": "37 S Hudson",
    "Division": "50",
    "Project_Manager": "DAVMIL",
    "Status_Code": "A"
  },
  {
    "Job_Number": "05553C",
    "Job_Name": "Trader Joe&apos;s 292 Lacey",
    "Division": "50",
    "Project_Manager": "DAVMIL",
    "Status_Code": "A"
  },
  {
    "Job_Number": "05554C",
    "Job_Name": "Windsor Ballard Apts",
    "Division": "50",
    "Project_Manager": "DAVMIL",
    "Status_Code": "A"
  },
  {
    "Job_Number": "05556C",
    "Job_Name": "Neighborcare Pikeplace",
    "Division": "50",
    "Project_Manager": "EVAJOH",
    "Status_Code": "A"
  },
  {
    "Job_Number": "05557C",
    "Job_Name": "Trio Condo Bldg 10",
    "Division": "50",
    "Project_Manager": "EVAJOH",
    "Status_Code": "A"
  },
  {
    "Job_Number": "05558C",
    "Job_Name": "Juniper Capital",
    "Division": "50",
    "Project_Manager": "CLAPOT",
    "Status_Code": "A"
  },
  {
    "Job_Number": "05559C",
    "Job_Name": "Washington State Fair",
    "Division": "50",
    "Project_Manager": "CLAPOT",
    "Status_Code": "A"
  },
  {
    "Job_Number": "05560C",
    "Job_Name": "Costco Everett #0114",
    "Division": "50",
    "Project_Manager": "EVAJOH",
    "Status_Code": "A"
  },
  {
    "Job_Number": "05561C",
    "Job_Name": "Connections Youth-Hrdlds",
    "Division": "50",
    "Project_Manager": "DAVMIL",
    "Status_Code": "A"
  },
  {
    "Job_Number": "05562C",
    "Job_Name": "2021 NW Myhre Rd #107",
    "Division": "50",
    "Project_Manager": "EVAJOH",
    "Status_Code": "A"
  },
  {
    "Job_Number": "05563C",
    "Job_Name": "Trader Joe&apos;s",
    "Division": "50",
    "Project_Manager": "JEFJOH",
    "Status_Code": "A"
  },
  {
    "Job_Number": "05564C",
    "Job_Name": "Redmond Commercial",
    "Division": "50",
    "Project_Manager": "CLAPOT",
    "Status_Code": "A"
  },
  {
    "Job_Number": "05565C",
    "Job_Name": "Vuori Seattle (Tulalip)WA",
    "Division": "50",
    "Project_Manager": "MARTRA",
    "Status_Code": "A"
  },
  {
    "Job_Number": "05566C",
    "Job_Name": "RTC Suites F115 &amp; F120",
    "Division": "50",
    "Project_Manager": "CLAPOT",
    "Status_Code": "A"
  },
  {
    "Job_Number": "26M",
    "Job_Name": "UPPER QUEEN ANNE CONDOS",
    "Division": "25",
    "Project_Manager": "EVAJOH",
    "Status_Code": "I"
  },
  {
    "Job_Number": "29M",
    "Job_Name": "PARAMOUNT APARTMENTS",
    "Division": "25",
    "Project_Manager": "EVAJOH",
    "Status_Code": "I"
  },
  {
    "Job_Number": "30M",
    "Job_Name": "ALLEGRO @ ASH CREEK PH II",
    "Division": "25",
    "Project_Manager": "EVAJOH",
    "Status_Code": "I"
  },
  {
    "Job_Number": "32M",
    "Job_Name": "SUNSET HILLS FUNERAL HOME",
    "Division": "25",
    "Project_Manager": "EVAJOH",
    "Status_Code": "I"
  },
  {
    "Job_Number": "33M",
    "Job_Name": "ST GEORGE EPISCOPAL CHRCH",
    "Division": "25",
    "Project_Manager": "EVAJOH",
    "Status_Code": "I"
  },
  {
    "Job_Number": "34M",
    "Job_Name": "MADISON PLAZA",
    "Division": "25",
    "Project_Manager": "EVAJOH",
    "Status_Code": "I"
  },
  {
    "Job_Number": "40M",
    "Job_Name": "CASCADE REMODEL",
    "Division": "25",
    "Project_Manager": "EVAJOH",
    "Status_Code": "I"
  },
  {
    "Job_Number": "41M",
    "Job_Name": "RE BENNETT REMODEL",
    "Division": "25",
    "Project_Manager": "EVAJOH",
    "Status_Code": "I"
  },
  {
    "Job_Number": "00001I",
    "Job_Name": "DES ANNUAL FA, SPRKLR, BF",
    "Division": "10",
    "Project_Manager": "",
    "Status_Code": "I"
  },
  {
    "Job_Number": "00001S",
    "Job_Name": "Test Service Job",
    "Division": "30",
    "Project_Manager": "",
    "Status_Code": "I"
  },
  {
    "Job_Number": "00002I",
    "Job_Name": "SDOT Inspect &amp; Testing",
    "Division": "10",
    "Project_Manager": "",
    "Status_Code": "I"
  },
  {
    "Job_Number": "00003S",
    "Job_Name": "SILVER REEF CASINO RESORT",
    "Division": "30",
    "Project_Manager": "JOSFER",
    "Status_Code": "I"
  },
  {
    "Job_Number": "00004I",
    "Job_Name": "DES - FORT WORDEN",
    "Division": "10",
    "Project_Manager": "",
    "Status_Code": "I"
  },
  {
    "Job_Number": "00020S",
    "Job_Name": "ESD INSPCTN/TSTNG 23-24",
    "Division": "30",
    "Project_Manager": "",
    "Status_Code": "I"
  },
  {
    "Job_Number": "00023S",
    "Job_Name": "SDOT FEX SERVICE",
    "Division": "30",
    "Project_Manager": "",
    "Status_Code": "I"
  },
  {
    "Job_Number": "00036S",
    "Job_Name": "DES - SERVICE/REPAIRS",
    "Division": "30",
    "Project_Manager": "",
    "Status_Code": "I"
  },
  {
    "Job_Number": "00038S",
    "Job_Name": "DES - WHATCOM TRANSIT",
    "Division": "30",
    "Project_Manager": "",
    "Status_Code": "I"
  },
  {
    "Job_Number": "01000R",
    "Job_Name": "Test Job Set-Up",
    "Division": "20",
    "Project_Manager": "",
    "Status_Code": "I"
  },
  {
    "Job_Number": "01040R",
    "Job_Name": "NORTH BEND RESIDENCE",
    "Division": "20",
    "Project_Manager": "IRAPOT",
    "Status_Code": "I"
  },
  {
    "Job_Number": "01248R",
    "Job_Name": "Frunchak Duplex",
    "Division": "20",
    "Project_Manager": "IRAPOT",
    "Status_Code": "I"
  },
  {
    "Job_Number": "04303C",
    "Job_Name": "Greencore",
    "Division": "50",
    "Project_Manager": "KENBRY",
    "Status_Code": "I"
  },
  {
    "Job_Number": "04306C",
    "Job_Name": "Macys Seattle",
    "Division": "50",
    "Project_Manager": "BROBIL",
    "Status_Code": "I"
  },
  {
    "Job_Number": "04320C",
    "Job_Name": "Costco Optical Sign/Print",
    "Division": "50",
    "Project_Manager": "KENBRY",
    "Status_Code": "I"
  },
  {
    "Job_Number": "04321C",
    "Job_Name": "DO NOT USE",
    "Division": "40",
    "Project_Manager": "",
    "Status_Code": "I"
  },
  {
    "Job_Number": "04332C",
    "Job_Name": "Spavia, Greenlake Village",
    "Division": "50",
    "Project_Manager": "KENBRY",
    "Status_Code": "I"
  },
  {
    "Job_Number": "04338C",
    "Job_Name": "Rdmnd Twn Ctr- BMW Ducati",
    "Division": "50",
    "Project_Manager": "CLAPOT",
    "Status_Code": "I"
  },
  {
    "Job_Number": "04342C",
    "Job_Name": "Famous Footwear #3556",
    "Division": "50",
    "Project_Manager": "BENMCM",
    "Status_Code": "I"
  },
  {
    "Job_Number": "04343C",
    "Job_Name": "Sanford Brown",
    "Division": "50",
    "Project_Manager": "BROBIL",
    "Status_Code": "I"
  },
  {
    "Job_Number": "04349C",
    "Job_Name": "Seattle Genetics B5Laband",
    "Division": "50",
    "Project_Manager": "BROBIL",
    "Status_Code": "I"
  },
  {
    "Job_Number": "04352C",
    "Job_Name": "Hotel Five Soffit",
    "Division": "50",
    "Project_Manager": "BROBIL",
    "Status_Code": "I"
  },
  {
    "Job_Number": "04355C",
    "Job_Name": "Dollar Tree of Bonney Lk.",
    "Division": "50",
    "Project_Manager": "KENBRY",
    "Status_Code": "I"
  },
  {
    "Job_Number": "04363C",
    "Job_Name": "Crescent Ridge Ranch Home",
    "Division": "50",
    "Project_Manager": "CLAPOT",
    "Status_Code": "I"
  },
  {
    "Job_Number": "04369C",
    "Job_Name": "Corner Bakery Issaquah TI",
    "Division": "50",
    "Project_Manager": "KENBRY",
    "Status_Code": "I"
  },
  {
    "Job_Number": "04379C",
    "Job_Name": "Francesca&apos;s @ Outlet Coll",
    "Division": "50",
    "Project_Manager": "KENBRY",
    "Status_Code": "I"
  },
  {
    "Job_Number": "04386C",
    "Job_Name": "RTC Awning Rplcmnt Bldg F",
    "Division": "50",
    "Project_Manager": "CLAPOT",
    "Status_Code": "I"
  },
  {
    "Job_Number": "04390C",
    "Job_Name": "Alliance Suite B",
    "Division": "50",
    "Project_Manager": "CLAPOT",
    "Status_Code": "I"
  },
  {
    "Job_Number": "04396C",
    "Job_Name": "McIntosh Craft Building",
    "Division": "50",
    "Project_Manager": "BROBIL",
    "Status_Code": "I"
  },
  {
    "Job_Number": "04404C",
    "Job_Name": "Redmond Twn Ctr;I145/I147",
    "Division": "50",
    "Project_Manager": "CLAPOT",
    "Status_Code": "I"
  },
  {
    "Job_Number": "04407C",
    "Job_Name": "Macy&apos;s Escalator Infill",
    "Division": "50",
    "Project_Manager": "BROBIL",
    "Status_Code": "I"
  },
  {
    "Job_Number": "04409C",
    "Job_Name": "I Sushi",
    "Division": "50",
    "Project_Manager": "",
    "Status_Code": "I"
  },
  {
    "Job_Number": "04410C",
    "Job_Name": "Skills Incorporated T. I.",
    "Division": "50",
    "Project_Manager": "CLAPOT",
    "Status_Code": "I"
  },
  {
    "Job_Number": "04411C",
    "Job_Name": "NW MLS TI",
    "Division": "50",
    "Project_Manager": "CLAPOT",
    "Status_Code": "I"
  },
  {
    "Job_Number": "04413C",
    "Job_Name": "Corestaff",
    "Division": "50",
    "Project_Manager": "BROBIL",
    "Status_Code": "I"
  },
  {
    "Job_Number": "04419C",
    "Job_Name": "AT &amp; T Store",
    "Division": "50",
    "Project_Manager": "KENBRY",
    "Status_Code": "I"
  },
  {
    "Job_Number": "04422C",
    "Job_Name": "Leukemia &amp; Lymphoma Scty,",
    "Division": "50",
    "Project_Manager": "",
    "Status_Code": "I"
  },
  {
    "Job_Number": "04423C",
    "Job_Name": "FHSC-Level B Duct Bnk Rev",
    "Division": "50",
    "Project_Manager": "KENBRY",
    "Status_Code": "I"
  },
  {
    "Job_Number": "04425C",
    "Job_Name": "Portside Offc Prk Bldg F",
    "Division": "50",
    "Project_Manager": "KENBRY",
    "Status_Code": "I"
  },
  {
    "Job_Number": "04430C",
    "Job_Name": "Forever 21@ Tacoma Mall",
    "Division": "50",
    "Project_Manager": "KENBRY",
    "Status_Code": "I"
  },
  {
    "Job_Number": "04434C",
    "Job_Name": "T-Mobile Terrace Flr 3",
    "Division": "50",
    "Project_Manager": "BROBIL",
    "Status_Code": "I"
  },
  {
    "Job_Number": "04435C",
    "Job_Name": "T-Mobile Command Ctr",
    "Division": "50",
    "Project_Manager": "BROBIL",
    "Status_Code": "I"
  },
  {
    "Job_Number": "04436C",
    "Job_Name": "Sola Salon Studios",
    "Division": "50",
    "Project_Manager": "KENBRY",
    "Status_Code": "I"
  },
  {
    "Job_Number": "04441C",
    "Job_Name": "T-Mobile Prod. Studio",
    "Division": "50",
    "Project_Manager": "BROBIL",
    "Status_Code": "I"
  },
  {
    "Job_Number": "04445C",
    "Job_Name": "Portside D Crate &amp; Barrel",
    "Division": "50",
    "Project_Manager": "KENBRY",
    "Status_Code": "I"
  },
  {
    "Job_Number": "04446C",
    "Job_Name": "Portside Bldg D Suite 200",
    "Division": "50",
    "Project_Manager": "KENBRY",
    "Status_Code": "I"
  },
  {
    "Job_Number": "04447C",
    "Job_Name": "Macy&apos;s Undrgrnd Pipe Rpr.",
    "Division": "50",
    "Project_Manager": "BROBIL",
    "Status_Code": "I"
  },
  {
    "Job_Number": "04449C",
    "Job_Name": "Macy&apos;s Fire Watch",
    "Division": "50",
    "Project_Manager": "BROBIL",
    "Status_Code": "I"
  },
  {
    "Job_Number": "04458C",
    "Job_Name": "G2 Girl Scouts",
    "Division": "50",
    "Project_Manager": "BROBIL",
    "Status_Code": "I"
  },
  {
    "Job_Number": "04459C",
    "Job_Name": "RTC Eddie Bauer Dmsg, LL",
    "Division": "50",
    "Project_Manager": "CLAPOT",
    "Status_Code": "I"
  },
  {
    "Job_Number": "04460C",
    "Job_Name": "Applied Technical Service",
    "Division": "50",
    "Project_Manager": "KENBRY",
    "Status_Code": "I"
  },
  {
    "Job_Number": "04461C",
    "Job_Name": "Paccar ITD",
    "Division": "50",
    "Project_Manager": "BROBIL",
    "Status_Code": "I"
  },
  {
    "Job_Number": "04462C",
    "Job_Name": "Domino&apos; Pizza in Factoria",
    "Division": "50",
    "Project_Manager": "KENBRY",
    "Status_Code": "I"
  },
  {
    "Job_Number": "04463C",
    "Job_Name": "CycleBar (Stackhouse)",
    "Division": "50",
    "Project_Manager": "KENBRY",
    "Status_Code": "I"
  },
  {
    "Job_Number": "04465C",
    "Job_Name": "Brewery at Center Point",
    "Division": "50",
    "Project_Manager": "CLAPOT",
    "Status_Code": "I"
  },
  {
    "Job_Number": "04470C",
    "Job_Name": "RTC - Hot Yoga Sprinkler",
    "Division": "50",
    "Project_Manager": "CLAPOT",
    "Status_Code": "I"
  },
  {
    "Job_Number": "04471C",
    "Job_Name": "24th St Bus Prk E101&amp;E110",
    "Division": "50",
    "Project_Manager": "CLAPOT",
    "Status_Code": "I"
  },
  {
    "Job_Number": "04472C",
    "Job_Name": "Property Mngmt. Office",
    "Division": "50",
    "Project_Manager": "BROBIL",
    "Status_Code": "I"
  },
  {
    "Job_Number": "04475C",
    "Job_Name": "Abrn Wy Rtl Dance Trendz",
    "Division": "50",
    "Project_Manager": "CLAPOT",
    "Status_Code": "I"
  },
  {
    "Job_Number": "04481C",
    "Job_Name": "Northwest Industries PL4",
    "Division": "50",
    "Project_Manager": "KENBRY",
    "Status_Code": "I"
  },
  {
    "Job_Number": "04483C",
    "Job_Name": "RTC - Market Street Shoes",
    "Division": "50",
    "Project_Manager": "CLAPOT",
    "Status_Code": "I"
  },
  {
    "Job_Number": "04489C",
    "Job_Name": "Medi Weightloss",
    "Division": "50",
    "Project_Manager": "KENBRY",
    "Status_Code": "I"
  },
  {
    "Job_Number": "04490C",
    "Job_Name": "Zoom Capitol Hill",
    "Division": "50",
    "Project_Manager": "BROBIL",
    "Status_Code": "I"
  },
  {
    "Job_Number": "04497C",
    "Job_Name": "RTC Hot Yoga SP Tnt Wrk",
    "Division": "50",
    "Project_Manager": "CLAPOT",
    "Status_Code": "I"
  },
  {
    "Job_Number": "04505C",
    "Job_Name": "RTC Francesca&apos;s E135",
    "Division": "50",
    "Project_Manager": "CLAPOT",
    "Status_Code": "I"
  },
  {
    "Job_Number": "04517C",
    "Job_Name": "RTC-JSH Tenant Work F260",
    "Division": "50",
    "Project_Manager": "CLAPOT",
    "Status_Code": "I"
  },
  {
    "Job_Number": "04520C",
    "Job_Name": "RTC-Pecado Bueno SP T.I.",
    "Division": "50",
    "Project_Manager": "CLAPOT",
    "Status_Code": "I"
  },
  {
    "Job_Number": "04525C",
    "Job_Name": "RTC-Francesca&apos;s SP T.I.",
    "Division": "50",
    "Project_Manager": "CLAPOT",
    "Status_Code": "I"
  },
  {
    "Job_Number": "04528C",
    "Job_Name": "Seattle Genetics B4-L2",
    "Division": "50",
    "Project_Manager": "BROBIL",
    "Status_Code": "I"
  },
  {
    "Job_Number": "04535C",
    "Job_Name": "Fife Bus.Prk.Bldgs 5007/8",
    "Division": "50",
    "Project_Manager": "CLAPOT",
    "Status_Code": "I"
  },
  {
    "Job_Number": "04544C",
    "Job_Name": "Harrigan Lehy FS TI",
    "Division": "50",
    "Project_Manager": "BROBIL",
    "Status_Code": "I"
  },
  {
    "Job_Number": "04551C",
    "Job_Name": "Village at Beardslee N202",
    "Division": "50",
    "Project_Manager": "BROBIL",
    "Status_Code": "I"
  },
  {
    "Job_Number": "04561C",
    "Job_Name": "Macy&apos;s OS&amp;Y EWO",
    "Division": "50",
    "Project_Manager": "BROBIL",
    "Status_Code": "I"
  },
  {
    "Job_Number": "04568C",
    "Job_Name": "America&apos;s Best Sprklr TI",
    "Division": "50",
    "Project_Manager": "DAVMIL",
    "Status_Code": "I"
  },
  {
    "Job_Number": "04573C",
    "Job_Name": "Level II Century Square",
    "Division": "50",
    "Project_Manager": "BROBIL",
    "Status_Code": "I"
  },
  {
    "Job_Number": "04578C",
    "Job_Name": "Westin Fitness Ctr. Rmdl.",
    "Division": "50",
    "Project_Manager": "BROBIL",
    "Status_Code": "I"
  },
  {
    "Job_Number": "04584C",
    "Job_Name": "Century Sqr 20th Flr E.V.",
    "Division": "50",
    "Project_Manager": "BROBIL",
    "Status_Code": "I"
  },
  {
    "Job_Number": "04601C",
    "Job_Name": "Publix Restrooms",
    "Division": "50",
    "Project_Manager": "KENBRY",
    "Status_Code": "I"
  },
  {
    "Job_Number": "04620C",
    "Job_Name": "HPE",
    "Division": "50",
    "Project_Manager": "BROBIL",
    "Status_Code": "I"
  },
  {
    "Job_Number": "04622C",
    "Job_Name": "Alaska Airlines Data Cntr",
    "Division": "50",
    "Project_Manager": "BROBIL",
    "Status_Code": "I"
  },
  {
    "Job_Number": "04648C",
    "Job_Name": "PINN Seattle",
    "Division": "50",
    "Project_Manager": "CLAPOT",
    "Status_Code": "I"
  },
  {
    "Job_Number": "04653C",
    "Job_Name": "Winderemere Issaquah",
    "Division": "50",
    "Project_Manager": "FLESCO",
    "Status_Code": "I"
  },
  {
    "Job_Number": "04667C",
    "Job_Name": "Pacific NW Fertility",
    "Division": "50",
    "Project_Manager": "FLESCO",
    "Status_Code": "I"
  },
  {
    "Job_Number": "04689L",
    "Job_Name": "Muckleshoot School",
    "Division": "40",
    "Project_Manager": "DAVARN",
    "Status_Code": "I"
  },
  {
    "Job_Number": "04736C",
    "Job_Name": "Core Design",
    "Division": "50",
    "Project_Manager": "DAVMIL",
    "Status_Code": "I"
  },
  {
    "Job_Number": "04747C",
    "Job_Name": "NMT Redevelopment",
    "Division": "50",
    "Project_Manager": "RICMOY",
    "Status_Code": "I"
  },
  {
    "Job_Number": "04752C",
    "Job_Name": "BECU Tukwila",
    "Division": "50",
    "Project_Manager": "KENBRY",
    "Status_Code": "I"
  },
  {
    "Job_Number": "04794C",
    "Job_Name": "Millenium Kids",
    "Division": "50",
    "Project_Manager": "DAVMIL",
    "Status_Code": "I"
  },
  {
    "Job_Number": "04795C",
    "Job_Name": "Hampton Inn and Suites",
    "Division": "50",
    "Project_Manager": "KENBRY",
    "Status_Code": "I"
  },
  {
    "Job_Number": "04825C",
    "Job_Name": "Pioneer Crossing",
    "Division": "50",
    "Project_Manager": "KENBRY",
    "Status_Code": "I"
  },
  {
    "Job_Number": "04831C",
    "Job_Name": "Dexter Ave North Bldg",
    "Division": "50",
    "Project_Manager": "RICMOY",
    "Status_Code": "I"
  },
  {
    "Job_Number": "04832C",
    "Job_Name": "Seattle Sheraton Closets",
    "Division": "50",
    "Project_Manager": "CLAPOT",
    "Status_Code": "I"
  },
  {
    "Job_Number": "04837C",
    "Job_Name": "MORA Iced Creamery",
    "Division": "50",
    "Project_Manager": "KENBRY",
    "Status_Code": "I"
  },
  {
    "Job_Number": "04851C",
    "Job_Name": "Sumerian Brewing Co",
    "Division": "50",
    "Project_Manager": "KENBRY",
    "Status_Code": "I"
  },
  {
    "Job_Number": "04855C",
    "Job_Name": "Mistras Services",
    "Division": "50",
    "Project_Manager": "KENBRY",
    "Status_Code": "I"
  },
  {
    "Job_Number": "04869C",
    "Job_Name": "Kimco Realty Office Expan",
    "Division": "50",
    "Project_Manager": "CLAPOT",
    "Status_Code": "I"
  },
  {
    "Job_Number": "04882C",
    "Job_Name": "1421 S Dean Street",
    "Division": "50",
    "Project_Manager": "KENBRY",
    "Status_Code": "I"
  },
  {
    "Job_Number": "04905C",
    "Job_Name": "RTC B125 Evereve",
    "Division": "50",
    "Project_Manager": "CLAPOT",
    "Status_Code": "I"
  },
  {
    "Job_Number": "04916C",
    "Job_Name": "RTC B-220 Kumon Learning",
    "Division": "50",
    "Project_Manager": "CLAPOT",
    "Status_Code": "I"
  },
  {
    "Job_Number": "04924C",
    "Job_Name": "Killer Infographics",
    "Division": "50",
    "Project_Manager": "RICMOY",
    "Status_Code": "I"
  },
  {
    "Job_Number": "04924L",
    "Job_Name": "Bread of Life Mission",
    "Division": "40",
    "Project_Manager": "JOSFER",
    "Status_Code": "I"
  },
  {
    "Job_Number": "04928L",
    "Job_Name": "L &amp; I SAFETY AND  HEALTH",
    "Division": "40",
    "Project_Manager": "MICREG",
    "Status_Code": "I"
  },
  {
    "Job_Number": "04930C",
    "Job_Name": "Marcus Theatre",
    "Division": "50",
    "Project_Manager": "KENBRY",
    "Status_Code": "I"
  },
  {
    "Job_Number": "04934C",
    "Job_Name": "RTC E-140 &amp; E-145 LL",
    "Division": "50",
    "Project_Manager": "CLAPOT",
    "Status_Code": "I"
  },
  {
    "Job_Number": "04935L",
    "Job_Name": "JAHNS CHURCH aka SEATTLE",
    "Division": "40",
    "Project_Manager": "DAVARN",
    "Status_Code": "I"
  },
  {
    "Job_Number": "04936C",
    "Job_Name": "Ballinger Heated Storage",
    "Division": "50",
    "Project_Manager": "CLAPOT",
    "Status_Code": "I"
  },
  {
    "Job_Number": "04942C",
    "Job_Name": "Excel Facility w/ Elite",
    "Division": "50",
    "Project_Manager": "RICMOY",
    "Status_Code": "I"
  },
  {
    "Job_Number": "04948C",
    "Job_Name": "Panera Bread @ Northgate",
    "Division": "50",
    "Project_Manager": "KENBRY",
    "Status_Code": "I"
  },
  {
    "Job_Number": "04949C",
    "Job_Name": "RTC F-252 AKT Shell",
    "Division": "50",
    "Project_Manager": "CLAPOT",
    "Status_Code": "I"
  },
  {
    "Job_Number": "04959C",
    "Job_Name": "RTC Blooms and Bubbles",
    "Division": "50",
    "Project_Manager": "CLAPOT",
    "Status_Code": "I"
  },
  {
    "Job_Number": "04966C",
    "Job_Name": "Quality Inn Seattle",
    "Division": "50",
    "Project_Manager": "CLAPOT",
    "Status_Code": "I"
  },
  {
    "Job_Number": "04978L",
    "Job_Name": "NEW HOPE COMMUNITY CHURCH",
    "Division": "40",
    "Project_Manager": "MICREG",
    "Status_Code": "I"
  },
  {
    "Job_Number": "04995C",
    "Job_Name": "Woodin Creek Kitchen",
    "Division": "50",
    "Project_Manager": "CLAPOT",
    "Status_Code": "I"
  },
  {
    "Job_Number": "04998C",
    "Job_Name": "Muckleshoot Tribal School",
    "Division": "50",
    "Project_Manager": "DAVMIL",
    "Status_Code": "I"
  },
  {
    "Job_Number": "05007C",
    "Job_Name": "Bright Horizon Snoqualmie",
    "Division": "50",
    "Project_Manager": "KENBRY",
    "Status_Code": "I"
  },
  {
    "Job_Number": "05007L",
    "Job_Name": "Arena Sports",
    "Division": "40",
    "Project_Manager": "JOSFER",
    "Status_Code": "I"
  },
  {
    "Job_Number": "05010C",
    "Job_Name": "Aurora Shopping Center",
    "Division": "50",
    "Project_Manager": "JOSCAR",
    "Status_Code": "I"
  },
  {
    "Job_Number": "05014C",
    "Job_Name": "1201 3rd Ave 51st Floor",
    "Division": "50",
    "Project_Manager": "DAVMIL",
    "Status_Code": "I"
  },
  {
    "Job_Number": "05027C",
    "Job_Name": "Club Champion Golf",
    "Division": "50",
    "Project_Manager": "JOSCAR",
    "Status_Code": "I"
  },
  {
    "Job_Number": "05031C",
    "Job_Name": "Horizon House Salon",
    "Division": "50",
    "Project_Manager": "CLAPOT",
    "Status_Code": "I"
  },
  {
    "Job_Number": "05034C",
    "Job_Name": "Talon Ballard Marine LLC",
    "Division": "50",
    "Project_Manager": "CLAPOT",
    "Status_Code": "I"
  },
  {
    "Job_Number": "05035C",
    "Job_Name": "Big Lot Burien CO1",
    "Division": "50",
    "Project_Manager": "JOSCAR",
    "Status_Code": "I"
  },
  {
    "Job_Number": "05039L",
    "Job_Name": "Emerald City Storage",
    "Division": "40",
    "Project_Manager": "JOSFER",
    "Status_Code": "I"
  },
  {
    "Job_Number": "05043L",
    "Job_Name": "THE GOAT APTS",
    "Division": "40",
    "Project_Manager": "MICREG",
    "Status_Code": "I"
  },
  {
    "Job_Number": "05044C",
    "Job_Name": "Big Lots Burien",
    "Division": "50",
    "Project_Manager": "JOSCAR",
    "Status_Code": "I"
  },
  {
    "Job_Number": "05047C",
    "Job_Name": "Great Clips",
    "Division": "50",
    "Project_Manager": "KENBRY",
    "Status_Code": "I"
  },
  {
    "Job_Number": "05048C",
    "Job_Name": "SSA Marine",
    "Division": "50",
    "Project_Manager": "DAVMIL",
    "Status_Code": "I"
  },
  {
    "Job_Number": "05057C",
    "Job_Name": "Queensborough Apartments",
    "Division": "50",
    "Project_Manager": "KENBRY",
    "Status_Code": "I"
  },
  {
    "Job_Number": "05057L",
    "Job_Name": "601 AURORA HOTEL",
    "Division": "40",
    "Project_Manager": "JOSFER",
    "Status_Code": "I"
  },
  {
    "Job_Number": "05074C",
    "Job_Name": "Bloom Restaurant TI",
    "Division": "50",
    "Project_Manager": "RICMOY",
    "Status_Code": "I"
  },
  {
    "Job_Number": "05080C",
    "Job_Name": "SEATTLE CHRISTADELPHIAN",
    "Division": "50",
    "Project_Manager": "DAVMIL",
    "Status_Code": "I"
  },
  {
    "Job_Number": "05083C",
    "Job_Name": "Greif-Boiler Storage",
    "Division": "50",
    "Project_Manager": "RICMOY",
    "Status_Code": "I"
  },
  {
    "Job_Number": "05086L",
    "Job_Name": "Bonaventure-Maple Valley",
    "Division": "40",
    "Project_Manager": "MICREG",
    "Status_Code": "I"
  },
  {
    "Job_Number": "05090L",
    "Job_Name": "H MART - REDMOND",
    "Division": "40",
    "Project_Manager": "DAVARN",
    "Status_Code": "I"
  },
  {
    "Job_Number": "05093C",
    "Job_Name": "A &amp; G Machinery",
    "Division": "50",
    "Project_Manager": "KENBRY",
    "Status_Code": "I"
  },
  {
    "Job_Number": "05094C",
    "Job_Name": "ISS",
    "Division": "50",
    "Project_Manager": "WILCOK",
    "Status_Code": "I"
  },
  {
    "Job_Number": "05096L",
    "Job_Name": "RTC Building A",
    "Division": "40",
    "Project_Manager": "DAVARN",
    "Status_Code": "I"
  },
  {
    "Job_Number": "05105L",
    "Job_Name": "UPS GREEK ROW BLDG A",
    "Division": "40",
    "Project_Manager": "FRAPET",
    "Status_Code": "I"
  },
  {
    "Job_Number": "05116C",
    "Job_Name": "EXCEL LEAN TO",
    "Division": "50",
    "Project_Manager": "RICMOY",
    "Status_Code": "I"
  },
  {
    "Job_Number": "05119L",
    "Job_Name": "MEDINA CITY HALL",
    "Division": "40",
    "Project_Manager": "DAVARN",
    "Status_Code": "I"
  },
  {
    "Job_Number": "05123C",
    "Job_Name": "Bardahl Manufacturing",
    "Division": "50",
    "Project_Manager": "KENBRY",
    "Status_Code": "I"
  },
  {
    "Job_Number": "05144C",
    "Job_Name": "Horizon House 1802 &amp; 606",
    "Division": "50",
    "Project_Manager": "RICMOY",
    "Status_Code": "I"
  },
  {
    "Job_Number": "05156C",
    "Job_Name": "SEAGEN B15",
    "Division": "50",
    "Project_Manager": "RICMOY",
    "Status_Code": "I"
  },
  {
    "Job_Number": "05177L",
    "Job_Name": "DUKE KENT-PHASE II",
    "Division": "40",
    "Project_Manager": "MICREG",
    "Status_Code": "I"
  },
  {
    "Job_Number": "05181L",
    "Job_Name": "LARKSPUR LANDING FIRE",
    "Division": "40",
    "Project_Manager": "MICREG",
    "Status_Code": "I"
  },
  {
    "Job_Number": "05185C",
    "Job_Name": "Apna Bazar",
    "Division": "50",
    "Project_Manager": "CLAPOT",
    "Status_Code": "I"
  },
  {
    "Job_Number": "05190L",
    "Job_Name": "LUSH TI",
    "Division": "40",
    "Project_Manager": "JOSFER",
    "Status_Code": "I"
  },
  {
    "Job_Number": "05208C",
    "Job_Name": "Fischer Studio Bldg",
    "Division": "50",
    "Project_Manager": "DAVMIL",
    "Status_Code": "I"
  },
  {
    "Job_Number": "05210C",
    "Job_Name": "IRG Physical Therapy",
    "Division": "50",
    "Project_Manager": "IRAPOT",
    "Status_Code": "I"
  },
  {
    "Job_Number": "05214L",
    "Job_Name": "YMCA Daycare at Polaris",
    "Division": "40",
    "Project_Manager": "MICREG",
    "Status_Code": "I"
  },
  {
    "Job_Number": "05223C",
    "Job_Name": "Illusion Dance Academy",
    "Division": "50",
    "Project_Manager": "IRAPOT",
    "Status_Code": "I"
  },
  {
    "Job_Number": "05224L",
    "Job_Name": "M Street Apartments",
    "Division": "40",
    "Project_Manager": "FRAPET",
    "Status_Code": "I"
  },
  {
    "Job_Number": "05237C",
    "Job_Name": "Angel Haven IV",
    "Division": "50",
    "Project_Manager": "CLAPOT",
    "Status_Code": "I"
  },
  {
    "Job_Number": "05240C",
    "Job_Name": "Greif-Boiler &amp; Mntnc Room",
    "Division": "50",
    "Project_Manager": "RICMOY",
    "Status_Code": "I"
  },
  {
    "Job_Number": "05241C",
    "Job_Name": "FSBW Redstone Exp Lvl 2",
    "Division": "50",
    "Project_Manager": "CLAPOT",
    "Status_Code": "I"
  },
  {
    "Job_Number": "05244C",
    "Job_Name": "SeaGen B15 Design",
    "Division": "50",
    "Project_Manager": "RICMOY",
    "Status_Code": "I"
  },
  {
    "Job_Number": "05247C",
    "Job_Name": "Courtyard by Marriott",
    "Division": "50",
    "Project_Manager": "DAVMIL",
    "Status_Code": "I"
  },
  {
    "Job_Number": "05248C",
    "Job_Name": "OLDCASTLE EXPANSION",
    "Division": "50",
    "Project_Manager": "DAVMIL",
    "Status_Code": "I"
  },
  {
    "Job_Number": "05249L",
    "Job_Name": "Fife Auto Warehouse",
    "Division": "40",
    "Project_Manager": "MICREG",
    "Status_Code": "I"
  },
  {
    "Job_Number": "05250L",
    "Job_Name": "School of Rock Downtown",
    "Division": "40",
    "Project_Manager": "MICREG",
    "Status_Code": "I"
  },
  {
    "Job_Number": "05251C",
    "Job_Name": "Diversified Systems",
    "Division": "50",
    "Project_Manager": "DAVMIL",
    "Status_Code": "I"
  },
  {
    "Job_Number": "05265L",
    "Job_Name": "Angeline Apartments",
    "Division": "40",
    "Project_Manager": "MICREG",
    "Status_Code": "I"
  },
  {
    "Job_Number": "05282C",
    "Job_Name": "Rainier Industries Paint",
    "Division": "50",
    "Project_Manager": "DAVMIL",
    "Status_Code": "I"
  },
  {
    "Job_Number": "05285L",
    "Job_Name": "Shawarma Time Cafe",
    "Division": "40",
    "Project_Manager": "AMAPHI",
    "Status_Code": "I"
  },
  {
    "Job_Number": "05287L",
    "Job_Name": "SEA 114 EBC",
    "Division": "40",
    "Project_Manager": "AMAPHI",
    "Status_Code": "I"
  },
  {
    "Job_Number": "05289L",
    "Job_Name": "Olympic Heritage Behav-",
    "Division": "40",
    "Project_Manager": "MICREG",
    "Status_Code": "I"
  },
  {
    "Job_Number": "05294L",
    "Job_Name": "Little Creek Casino",
    "Division": "40",
    "Project_Manager": "MICREG",
    "Status_Code": "I"
  },
  {
    "Job_Number": "05300L",
    "Job_Name": "Cle Elum Early Learning",
    "Division": "40",
    "Project_Manager": "LYLFOR",
    "Status_Code": "I"
  },
  {
    "Job_Number": "05302L",
    "Job_Name": "AiPace TI (North Lot)",
    "Division": "40",
    "Project_Manager": "LYLFOR",
    "Status_Code": "I"
  },
  {
    "Job_Number": "05305L",
    "Job_Name": "Appleton Condos",
    "Division": "40",
    "Project_Manager": "LYLFOR",
    "Status_Code": "I"
  },
  {
    "Job_Number": "05309L",
    "Job_Name": "Top Pot Kent",
    "Division": "40",
    "Project_Manager": "AMAPHI",
    "Status_Code": "I"
  },
  {
    "Job_Number": "05311L",
    "Job_Name": "Medi Spa Westlake",
    "Division": "40",
    "Project_Manager": "LYLFOR",
    "Status_Code": "I"
  },
  {
    "Job_Number": "05317L",
    "Job_Name": "K &amp; A&apos;s Homemade Treats",
    "Division": "40",
    "Project_Manager": "KATORE",
    "Status_Code": "I"
  },
  {
    "Job_Number": "05323C",
    "Job_Name": "YOGASIX REDMOND",
    "Division": "50",
    "Project_Manager": "CLAPOT",
    "Status_Code": "I"
  },
  {
    "Job_Number": "05326L",
    "Job_Name": "Lewis County Shelter",
    "Division": "40",
    "Project_Manager": "LYLFOR",
    "Status_Code": "I"
  },
  {
    "Job_Number": "05334C",
    "Job_Name": "Hines Market Ready",
    "Division": "50",
    "Project_Manager": "CLAPOT",
    "Status_Code": "I"
  },
  {
    "Job_Number": "05343L",
    "Job_Name": "Casablanca Apts Bldg E",
    "Division": "40",
    "Project_Manager": "LYLFOR",
    "Status_Code": "I"
  },
  {
    "Job_Number": "05346L",
    "Job_Name": "Lower Woodland Rehab",
    "Division": "40",
    "Project_Manager": "MICREG",
    "Status_Code": "I"
  },
  {
    "Job_Number": "05347C",
    "Job_Name": "CONNECTIONS KIRKLAND",
    "Division": "50",
    "Project_Manager": "DAVMIL",
    "Status_Code": "I"
  },
  {
    "Job_Number": "05349C",
    "Job_Name": "See&apos;s Candies",
    "Division": "50",
    "Project_Manager": "DAVMIL",
    "Status_Code": "I"
  },
  {
    "Job_Number": "05381L",
    "Job_Name": "KENT UNITED METHODIST",
    "Division": "40",
    "Project_Manager": "MICREG",
    "Status_Code": "I"
  },
  {
    "Job_Number": "05383L",
    "Job_Name": "USPS OAK HARBOR FACP",
    "Division": "40",
    "Project_Manager": "LYLFOR",
    "Status_Code": "I"
  },
  {
    "Job_Number": "05385L",
    "Job_Name": "FORTUNE POKER CELL",
    "Division": "40",
    "Project_Manager": "DAVWIL",
    "Status_Code": "I"
  },
  {
    "Job_Number": "05387L",
    "Job_Name": "STARLINK REDMOND SE-04",
    "Division": "40",
    "Project_Manager": "LYLFOR",
    "Status_Code": "I"
  },
  {
    "Job_Number": "05388L",
    "Job_Name": "COSTCO MARYSVILLE - FOOD",
    "Division": "40",
    "Project_Manager": "LYLFOR",
    "Status_Code": "I"
  },
  {
    "Job_Number": "05390L",
    "Job_Name": "16TH AVE PAVILION LAKE",
    "Division": "40",
    "Project_Manager": "LYLFOR",
    "Status_Code": "I"
  },
  {
    "Job_Number": "05392C",
    "Job_Name": "The Trike Stop",
    "Division": "50",
    "Project_Manager": "EVAJOH",
    "Status_Code": "I"
  },
  {
    "Job_Number": "05392L",
    "Job_Name": "DAY WIRELESS NAC RR",
    "Division": "40",
    "Project_Manager": "DAVWIL",
    "Status_Code": "I"
  },
  {
    "Job_Number": "05393C",
    "Job_Name": "Club Pilates",
    "Division": "50",
    "Project_Manager": "DAVMIL",
    "Status_Code": "I"
  },
  {
    "Job_Number": "05398C",
    "Job_Name": "ZoomCare - Queen Anne",
    "Division": "50",
    "Project_Manager": "EVAJOH",
    "Status_Code": "I"
  },
  {
    "Job_Number": "05403L",
    "Job_Name": "HILLTOP STATION APTS",
    "Division": "40",
    "Project_Manager": "MICREG",
    "Status_Code": "I"
  },
  {
    "Job_Number": "05405L",
    "Job_Name": "CORPORATE CAMPUS EAST",
    "Division": "40",
    "Project_Manager": "DAVWIL",
    "Status_Code": "I"
  },
  {
    "Job_Number": "05410C",
    "Job_Name": "Carpet King",
    "Division": "50",
    "Project_Manager": "DAVMIL",
    "Status_Code": "I"
  },
  {
    "Job_Number": "05421L",
    "Job_Name": "EVERON CBRE",
    "Division": "40",
    "Project_Manager": "DAVWIL",
    "Status_Code": "I"
  },
  {
    "Job_Number": "05424C",
    "Job_Name": "Sarodgini School",
    "Division": "50",
    "Project_Manager": "CLAPOT",
    "Status_Code": "I"
  },
  {
    "Job_Number": "05450C",
    "Job_Name": "Top Pot Production",
    "Division": "50",
    "Project_Manager": "DAVMIL",
    "Status_Code": "I"
  },
  {
    "Job_Number": "05452C",
    "Job_Name": "PCA Algona",
    "Division": "50",
    "Project_Manager": "DAVMIL",
    "Status_Code": "I"
  },
  {
    "Job_Number": "05453C",
    "Job_Name": "Rodeo Lounge",
    "Division": "50",
    "Project_Manager": "BRYFAR",
    "Status_Code": "I"
  },
  {
    "Job_Number": "05455C",
    "Job_Name": "Tutta Bella TI",
    "Division": "50",
    "Project_Manager": "DAVMIL",
    "Status_Code": "I"
  },
  {
    "Job_Number": "05494C",
    "Job_Name": "Joon by Joe Bae",
    "Division": "50",
    "Project_Manager": "EVAJOH",
    "Status_Code": "I"
  },
  {
    "Job_Number": "05507C",
    "Job_Name": "Sun Lee Office Buildout",
    "Division": "50",
    "Project_Manager": "EVAJOH",
    "Status_Code": "I"
  },
  {
    "Job_Number": "05514C",
    "Job_Name": "Zoomcare-Capital Hill",
    "Division": "50",
    "Project_Manager": "EVAJOH",
    "Status_Code": "I"
  },
  {
    "Job_Number": "05515C",
    "Job_Name": "Escala TI",
    "Division": "50",
    "Project_Manager": "DAVMIL",
    "Status_Code": "I"
  },
  {
    "Job_Number": "05516C",
    "Job_Name": "Barnes &amp; Noble LL",
    "Division": "50",
    "Project_Manager": "DAVMIL",
    "Status_Code": "I"
  },
  {
    "Job_Number": "05518C",
    "Job_Name": "Connections Health",
    "Division": "50",
    "Project_Manager": "DAVMIL",
    "Status_Code": "I"
  },
  {
    "Job_Number": "05519C",
    "Job_Name": "Pop Mart TI",
    "Division": "50",
    "Project_Manager": "EVAJOH",
    "Status_Code": "I"
  },
  {
    "Job_Number": "05520C",
    "Job_Name": "Papa Johns No. 5424",
    "Division": "50",
    "Project_Manager": "DAVMIL",
    "Status_Code": "I"
  },
  {
    "Job_Number": "05522C",
    "Job_Name": "Lululemon #10519",
    "Division": "50",
    "Project_Manager": "DAVMIL",
    "Status_Code": "I"
  },
  {
    "Job_Number": "05523C",
    "Job_Name": "Ulta #2062",
    "Division": "50",
    "Project_Manager": "BRYFAR",
    "Status_Code": "I"
  },
  {
    "Job_Number": "05525C",
    "Job_Name": "Sacajawea Exam Room",
    "Division": "50",
    "Project_Manager": "EVAJOH",
    "Status_Code": "I"
  },
  {
    "Job_Number": "05528C",
    "Job_Name": "Costco Marysville-Food",
    "Division": "50",
    "Project_Manager": "EVAJOH",
    "Status_Code": "I"
  },
  {
    "Job_Number": "05531C",
    "Job_Name": "Auntie Anne&apos;s",
    "Division": "50",
    "Project_Manager": "DAVMIL",
    "Status_Code": "I"
  },
  {
    "Job_Number": "05532C",
    "Job_Name": "Barnes &amp; Noble - Puyallup",
    "Division": "50",
    "Project_Manager": "BRYFAR",
    "Status_Code": "I"
  },
  {
    "Job_Number": "05534C",
    "Job_Name": "Connections-Youth UC",
    "Division": "50",
    "Project_Manager": "DAVMIL",
    "Status_Code": "I"
  },
  {
    "Job_Number": "05535C",
    "Job_Name": "Lutheran Church of the",
    "Division": "50",
    "Project_Manager": "CLAPOT",
    "Status_Code": "I"
  },
  {
    "Job_Number": "05546C",
    "Job_Name": "Collins Aerospace",
    "Division": "50",
    "Project_Manager": "DAVMIL",
    "Status_Code": "I"
  },
  {
    "Job_Number": "LFPS40",
    "Job_Name": "FIRE ALARM",
    "Division": "40",
    "Project_Manager": "",
    "Status_Code": "I"
  },
  {
    "Job_Number": "MIXE25",
    "Job_Name": "MIXED-USE Master",
    "Division": "25",
    "Project_Manager": "",
    "Status_Code": "I"
  },
  {
    "Job_Number": "RESI20",
    "Job_Name": "Master Job Code RESI",
    "Division": "20",
    "Project_Manager": "IRAPOT",
    "Status_Code": "I"
  },
  {
    "Job_Number": "SPRK50",
    "Job_Name": "SPRINKLER50",
    "Division": "50",
    "Project_Manager": "",
    "Status_Code": "I"
  },
  {
    "Job_Number": "012345C",
    "Job_Name": "TEST",
    "Division": "50",
    "Project_Manager": "",
    "Status_Code": "I"
  },
  {
    "Job_Number": "04715L-1",
    "Job_Name": "RTC Bldg M Fire Alarm",
    "Division": "40",
    "Project_Manager": "DAVARN",
    "Status_Code": "I"
  }
]