Job_Number,Job_Name,Status
42791655,Seattle Airport Marriott,scheduled
42789345,Target T-600 IW - SAFST,scheduled
42789322,EPA- Manchester,scheduled
42788917,Polaris at Together Center Bldg. A,scheduled
42786471,Emerald Queen Casino - Fife Casino,scheduled
42784408,888 Bellevue Apartments,scheduled
42775494,Stratus,scheduled
42773958,Planet Fitness Fern Hill,scheduled
42761869,Madison on the River Apartments,scheduled
42752195,Planet Fitness Fern Hill,scheduled
42750918,Embassy Suites- Tukwila,scheduled
42737416,Aloft / Element Hotel,scheduled
42735775,Wastewater Treatment Plant,scheduled
42733732,Portofino Apartments,scheduled
42732746,Bell Totem Lake,scheduled
42730288,Metropolitan Park Apartments,scheduled
42723909,Evergreen Court,scheduled
42723389,Hirabayashi Place,scheduled
42717115,Redmond Town Center B,scheduled
42715611,Quail Park Memory Care Residences Of West Seattle,scheduled
42714659,Viktoria Apartments,scheduled
42689458,Providence Point - Washington Village,scheduled
42681406,Shorewood Elementary School,scheduled
42662320,AIDS Housing Association,scheduled
42660333,Foss High School,scheduled
42656397,Evolve Apartments,scheduled
42654901,Hampton Inn & Suites,scheduled
42653662,Palermo Apartments,scheduled
42649978,Little Creek Casino Resort,scheduled
42647655,SP Columbia City (Angeline),scheduled
42636079,Covington Senior Place,scheduled
42636006,The Lookout Apartments,scheduled
42635347,Partner Therapeutics,scheduled
42635122,Northwest Fire Systems,scheduled
42634929,Emerald Queen Casino - Fife Casino,scheduled
42634077,Transitional Resources,scheduled
42632749,Northwest Fire Systems,scheduled
42632474,196th Corridor Building,scheduled
42630114,St. Margaret's Episcopal Church,scheduled
42600862,Embassy Suites by Hilton Seattle,scheduled
42598775,Pepsi Beverages North America,scheduled
42584899,Courtyard Marriott - Lynnwood,scheduled
42566106,West Edge Apartments,scheduled
42509022,Mountlake Terrace Elementary,scheduled
42493575,Providence Point - Forest Village,scheduled
42492409,Snoqualmie Falls Brewery,scheduled
42486877,Polaris at Together Center Bldg. B,scheduled
42486748,Meadowdale Middle School,scheduled
42483001,Emerald Queen Casino - Fife Casino,scheduled
42455657,Polar Service Centers,scheduled
42453084,Bayshore Apartments,scheduled
42440388,Genie,scheduled
42416958,U.S. Coast Guard Station Port Angles,scheduled
42415603,Nightingale Apartments,scheduled
42400315,Providence Point - Town Hall,scheduled
42386175,Waterscape Juanita Village,scheduled
42386033,Hyatt At Olive 8,scheduled
42385306,Genie,scheduled
42384077,Pilchuck Village,scheduled
42382981,Axle Apartments,scheduled
42378100,APTT LLC,scheduled
42371852,Woodinview Condos,scheduled
42368900,Soma Towers,scheduled
42368526,The Olivian,scheduled
42365892,Arlo Apartments,scheduled
42355623,HUSPP Talisman LLC,scheduled
42355607,Barnhart Crane & Rigging,scheduled
42341659,Mitsui-Soko (USA) Inc.,scheduled
42334248,Silver Reef Casino Resort,scheduled
42328054,Fairfax Hospital,scheduled
42322780,Northwest Fire Systems,scheduled
42312187,Hilton Garden Inn,scheduled
42306208,Emerald Queen Casino Tacoma,scheduled
42305862,St James Episcopal Church,scheduled
42304196,Sunrise Haven,scheduled
42290421,Illumina Apartment Homes,scheduled
42290349,The Trails at Silverdale,scheduled
42266816,Roosevelt Elementary School,scheduled
42266509,Pfizer Bldg 15,scheduled
42265260,Aurora Square,scheduled
42254855,Little Creek Casino Resort,scheduled
42245721,Illumina Apartment Homes,scheduled
42238135,Emerald Queen Casino - Fife Casino,scheduled
42237829,Mill Creek Court,scheduled
42236027,Willows Court Apartments,scheduled
42231981,Fairfield Inn and Suites,scheduled
42230337,Viktoria Apartments,scheduled
42229366,DES - Tumwater Compound 801,scheduled
42227615,Nikki's Restaurant & Lounge,scheduled
42214270,Jet City Harley Davidson,scheduled
42213870,Villaggio Apartments,scheduled
42207407,Pilchuck Village,scheduled
42201271,1515 Dexter Ave N,scheduled
42201176,Iglesia Ni Cristo Church of Christ,scheduled
42190613,The Village Senior Living,scheduled
42167000,SDA Hispanic Church Federal Way,scheduled
42153082,Merrill Creek Center,scheduled
42110019,Palermo Apartments,scheduled
42109909,Spire Georgetown Center LP,scheduled
42109376,Marketside Flats,scheduled
42094906,Stratus,scheduled
42091541,The Hemlock,scheduled
42088313,Courtyard by Marriott Seattle Northgate,scheduled
42087310,St James Episcopal Church,scheduled
42071695,Maple Court Condominiums,scheduled
42070587,POSM Bellevue Real Property LLC,scheduled
42062086,Homewood Suites Tukwila,scheduled
42057479,Dorian Apartments,scheduled
42051147,Fremont Peak,scheduled
42050505,Expedia Facilities - Seattle,scheduled
42049503,Northwest Fire Systems,scheduled
42049144,EPA- Manchester,scheduled
42033633,Elan 41 Apartments,scheduled
42016434,505 Broadway Condos,scheduled
42016372,4-Plex Plancarte,scheduled
41971333,1800 Ninth Avenue Building,scheduled
41968574,Seattle Airport Marriott,scheduled
41965929,AV Lofts,scheduled
41932324,Northwest Fire Systems,scheduled
41918379,Cirrus,scheduled
41913019,Monty Warren Painting Inc,scheduled
41826022,Smith & Burns Apartments,scheduled
41811152,The Hart Greenwood (mixed use),scheduled
41794081,Genie,scheduled
41788899,Northwest Fire Systems,scheduled
41786549,Northwest Fire Systems,scheduled
41779720,Northwest Fire Systems,scheduled
41773672,Viktoria Apartments,scheduled
41748857,Northwest Fire Systems,scheduled
41741027,SP Columbia City (Angeline),scheduled
41740466,Yobi Apartments,scheduled
41739633,YMCA,scheduled
41739531,Willamette Dental Group - Kent,scheduled
41739290,Weatherly Inn Renton,scheduled
41739114,Walmart Port Angeles,scheduled
41738859,North at Totem Lake Apartments,scheduled
41738118,Urban Center Apartments,scheduled
41737969,TownePlace Suites Mukilteo,scheduled
41737894,TIW ATCT (SFAS),scheduled
41737835,The Village at Totem Lake ~ Bldg M,scheduled
41737771,The Village at Totem Lake ~ Bldg K,scheduled
41737727,The Village at Totem Lake ~ Bldg B,scheduled
41737650,The Village at Totem Lake (TLX) ~ Bldg D,scheduled
41737588,The Norton Building LLC,scheduled
41737505,The GOAT Apartments Building E,scheduled
41737457,The GOAT Apartments Building D,scheduled
41737400,The GOAT Apartments Building B,scheduled
41737334,The GOAT Apartments Building A,scheduled
41736801,Temco,scheduled
41736693,Stratus,scheduled
41736514,SP Columbia City (Angeline),scheduled
41735831,Seattle Airport Marriott,scheduled
41735302,RJB Wholesale Inc,scheduled
41734760,Real Life Church,scheduled
41734599,Real Life Church,scheduled
41733899,Rainier Place,scheduled
41733064,Radius Apartments,scheduled
41732886,"Quest Products, LLC",scheduled
41732653,POSM Bellevue Real Property LLC,scheduled
41732516,"Pitch CPA, LLC",scheduled
41732350,"Pfizer, INC (Seattle Gen)",scheduled
41732005,Park View Waterside,scheduled
41731419,PAE ATCT (SFAS),scheduled
41731128,PACCAR Aviation - Sea Hangar,scheduled
41730953,Outlook Condominiums,scheduled
41730853,O2  Apartments C/O Avenue5 Residential LLC,scheduled
41730430,Near U Apartments,scheduled
41730088,Monty Warren Painting Inc,scheduled
41729785,Moana Apartments,scheduled
41729709,Mio Apartments,scheduled
41729506,Mazda of Everett,scheduled
41712754,Lakewood Towne Center Office Building,scheduled
41708163,206 Bell Apartments,scheduled
41708106,206 Bell Apartments,scheduled
41690345,Norfolk Building LP,scheduled
41689943,2219 4th Ave Bldg.,scheduled
41687193,Sundance,scheduled
41685076,Insignia Apartment Homes,scheduled
41684749,Modera Overlake,scheduled
41662532,Illumina Apartment Homes,scheduled
41656969,Jackson Street Apartments,scheduled
41656693,Holiday Inn Express - Puyallup,scheduled
41642405,Heritage Corporate Center,scheduled
41631497,Expedia Facilities - Seattle,scheduled
41626924,Auburn 18 Business Park BLDG 1,scheduled
41615683,Muckleshoot Tribal School,scheduled
41614327,Maple Court Condominiums,scheduled
41614210,Longfellow Creek Condos,scheduled
41614136,Little Creek Casino Resort,scheduled
41613923,Landmark Square,scheduled
41613744,Lincoln High School,scheduled
41612500,Beacon Building Products,scheduled
41611932,Hillside Assisted Living,scheduled
41611792,Harbour Heights,scheduled
41610547,Gridiron Condominiums,scheduled
41610249,Genie,scheduled
41610118,Emerald Queen Casino Tacoma,scheduled
41610017,Emerald Queen - Tacoma Hotel,scheduled
41609795,Edward Don & Company,scheduled
41609365,Edward Don & Company,scheduled
41608231,Crestwood Estate,scheduled
41607752,Commons at Ballard,scheduled
41607061,Byrd Barr Place,scheduled
41606871,Bell View Apartments,scheduled
41606609,Belara at Lakeland Apartments,scheduled
41606473,Beacon Building Products,scheduled
41604659,Ballard Mill Marina,scheduled
41604282,AC Hotel Seattle Bellevue Marriott,scheduled
41603289,3108 Lakeland Apartments,scheduled
41603000,200 112th Ave Building,scheduled
41561379,DES - Fort Worden State Park,scheduled
41559694,Bellefield Office Park,scheduled
41556184,Northwest Sign & Design,scheduled
41555518,Northgate Village,scheduled
41554863,The Luke Apartments,scheduled
41543361,Genie,scheduled
41512790,Gator's Sports Bar & Grill,scheduled
41512579,Pilchuck Village,scheduled
41502706,Northwest Sign & Design,scheduled
41499273,SP Columbia City (Angeline),scheduled
41495410,Woodinville Commerce Center,scheduled
41495228,N C Machinery,scheduled
41488625,Hilton Garden Inn Seattle Airport,scheduled
41485361,Cirrus,scheduled
41460007,Willows Court Apartments,scheduled
41459451,Unity of Bellevue,scheduled
41458853,Timber Ridge Condominium,scheduled
41458220,The Village at Totem Lake (TLA) ~ Bldg C,scheduled
41457835,The Fitzgerald c/o CWD Group Dept. 392,scheduled
41439087,Tacoma Professional Development Center,scheduled
41438974,Whittier Elementary School,scheduled
41438870,Wainwright Intermediate School,scheduled
41436532,Stewart Middle School,scheduled
41436301,Sherman Elementary School,scheduled
41434170,Science and Math Institute (SAMI),scheduled
41433707,Point Defiance Elementary School,scheduled
41433542,Mt. Tahoma High School,scheduled
41433366,Redmond Town Center G,scheduled
41433078,Mary Lyon Elementary School,scheduled
41432244,Manitou Park Elementary School,scheduled
41431931,Jackson Street Apartments,scheduled
41430788,Wynstone Townhomes,scheduled
41426932,Hilton Motif,scheduled
41421607,First Hill Condominium Association,scheduled
41421207,Emerald Queen - Tacoma Hotel,scheduled
41371582,Windsor Ballard,scheduled
41370201,Sky,scheduled
41368462,Valley View Heights,scheduled
41361983,Beacon Building Products,scheduled
41361082,Nightingale Apartments,scheduled
41328868,Cirrus,scheduled
41294964,Infinity Apartments,scheduled
41230548,Highlands Community Church,scheduled
41213330,Northwest Fire Systems,scheduled
41183054,Mountlake Terrace High School,scheduled
41182819,Hazelwood Elementary,scheduled
41182707,Cedar Way Elementary,scheduled
41172004,IDEA High School,scheduled
41168244,Meeker Middle School,scheduled
41168156,Stadium High School,scheduled
41167860,Truman Middle School,scheduled
41167817,Willard School,scheduled
41167775,Building & Grounds,scheduled
41167498,Giaudrone Middle School,scheduled
41167471,Washington Elementary School,scheduled
41167305,Lincoln Tree Farm,scheduled
41167249,Foss High School,scheduled
41166063,Mt. Tahoma High School,scheduled
41166024,Sherman Elementary School,scheduled
41121173,Westvue Court Condo Association,scheduled
41071280,Yugo Seattle Lothlorien,scheduled
41067431,Madison Complex,scheduled
41067154,Larchmont Elementary School,scheduled
41067080,IDEA High School,scheduled
41066909,Hunt Middle School (Round Bldg),scheduled
41066792,Hoyt Early Learning Center,scheduled
41059824,Geiger Elementary School,scheduled
41059556,Franklin Elementary School,scheduled
41058981,Foss High School,scheduled
41052760,Mitsui-Soko (USA) Inc.,scheduled
41025706,Nisqually Red Wind Casino,scheduled
40996347,Rite Aid,scheduled
40990991,Forelaufer Ski Club,scheduled
40990806,Equinox Apartments,scheduled
40990573,Environmental Learning Center,scheduled
40898297,888 Bellevue Apartments,scheduled
40843415,Buty Building,scheduled
40777162,Downing Elementary School,scheduled
40777038,Destinations Lynnwood,scheduled
40776703,Delong Elementary School,scheduled
40776201,Building & Grounds,scheduled
40776111,Bryant Montessori,scheduled
40774625,Blix Elementary School,scheduled
40773958,Baker Middle School,scheduled
40719299,Chase Lake Elementary,scheduled
40607130,Redmond Place Apartments,scheduled
40503688,Yugo Seattle Rivendell,scheduled
40490779,Silver Reef Casino Resort,scheduled
40472664,Wyse Logistics,scheduled
40415971,Palomino at Redford Ranch,scheduled
40415606,9th & Broadway,scheduled
40407947,Kenmore Square,scheduled
40340804,Northwest Fire Systems,scheduled
40233429,Tacoma Mall,scheduled
40217237,Penske Truck Leasing,scheduled
40195083,Insignia Condominium Association c/o CWD Group Dept. 392,scheduled
40191372,Hotel Murano,scheduled
40167239,EPA- Manchester,scheduled
40139221,Madrona Elementary School,scheduled
40135118,Valley View Elementary School,scheduled
40134492,Sunnydale Elementary School,scheduled
40134174,Southern Heights Elementary School,scheduled
40127201,Raisbeck Aviation High School,scheduled
40127153,Puget Sound Skills Center,scheduled
40127136,Puget Sound Skills Center,scheduled
40126497,New Start High School,scheduled
40125926,Midway Elementary School,scheduled
40125846,McMicken Heights Elementary School,scheduled
40125827,McMicken Heights Elementary School,scheduled
40125591,Marine Technology Laboratory,scheduled
40123801,Hilltop Elementary School,scheduled
40123723,Highline Performing Art Center,scheduled
40122483,Gregory Heights Elementary,scheduled
40122359,Glacier Middle School,scheduled
40122310,Glacier Middle School,scheduled
40121488,Des Moines Elementary School - Old,scheduled
40116689,Des Moines Elementary School - New,scheduled
40115618,Cedarhurst Elementary School,scheduled
40083365,Administrative South Building,scheduled
40073696,Cirrus,scheduled
40071557,20925 Cypress Way,scheduled
40021771,Platform Apartments,scheduled
39984986,Elan 41 Apartments,scheduled
39768888,DES - DNR Bellfair,scheduled
39768396,Courtstone Apartments,scheduled
39723859,Alaska Airlines - Corporate Headquarters,scheduled
39676133,Harbour Heights,scheduled
39653909,Alaska Airlines - Horizon General Office,scheduled
39644392,Greenhouse,scheduled
39564629,Sundance,scheduled
39470236,Northwest Fire Systems,scheduled
39447915,Providence Point - Highland Village,scheduled
39180485,Paldo Plaza - 3520 Building,scheduled
39180218,Pal Do Plaza,scheduled
39160283,Comcast Cable,scheduled
39157970,Center Steps,scheduled
39142849,Guinevere Apartments,scheduled
38769933,Craft Apartments,scheduled
38662449,Orion,scheduled
38599740,Northwest Fire Systems,scheduled
38208977,Liam Apartments,scheduled
37536316,Redmond Place Apartments,scheduled
37462844,Timber Ridge Condominium,scheduled
37125425,Equinox Apartments,scheduled
