From,To,Name,Date,Comments,Part Number,Part,Quantity,Cost,Total Cost,Form Type
STOCK,01167R,Ira Potter,2025-08-01,,NWRFC492,"1/2"" CP Resi 4.9K 212 Brs, RA0616",1.0,8.29,188.21,Request
STOCK,01167R,Ira Potter,2025-08-01,,NWCG50W,G5 Cover Plate 135 Wht,40.0,3.89,188.21,Request
STOCK,01167R,Ira Potter,2025-08-01,,GF1W,"1/2"" 2pc esc RA Model F1, Wht",6.0,1.07,188.21,Request
STOCK,01167R,Ira Potter,2025-08-01,,NWSHD23235,"1/2"" x 1-3/8"" Socket (alt W8)",1.0,12.04,188.21,Request
STOCK,01167R,Ira Potter,2025-08-01,,NW3CAB,Head Box - 3 Heads,1.0,5.856,188.21,Request
