Job Number,Name,Date,Comments,Part Number,Part,Quantity,Total Cost,Form Type
01184R,Ira potter,2025-07-22,Trim,NWCG50W,G5 Cover Plate 135 Wht,75,330.40,Request
01184R,Ira potter,2025-07-22,Trim,GF1W,"1/2"" 2pc esc RA Model F1, Wht",5,330.40,Request
01184R,Ira potter,2025-07-22,Trim,NW3CAB,Head Box - 3 Heads,1,330.40,Request
01184R,Ira potter,2025-07-22,Trim,NWRFC492,"1/2"" CP Resi 4.9K 212 Brs, RA0616",1,330.40,Request
01184R,Ira potter,2025-07-22,Trim,NW512119155,"1/2"" HSW Res 4.2K 155 Chr, TY1334",1,330.40,Request
01184R,Ira potter,2025-07-22,Trim,NWSHD23235,"1/2"" x 1-3/8"" Socket (alt W8)",1,330.40,Request
