From,To,Name,Date,Comments,Part Number,Part,Quantity,Cost,Total Cost,Form Type
STOCK,01195R,Carter Tresslar,2025-08-08,,NW80301T,"1"" CPVC Pipe",10.0,0.78,368.18,Request
STOCK,01195R,Carter Tresslar,2025-08-08,,NW504511200,"1/2"" POLY LEII 200 REC CONC TY3534",10.0,10.393,368.18,Request
STOCK,01195R,Carter Tresslar,2025-08-08,,NW4235130GS,"1"" x 1/2"" CPVC Reducing Adapter (TS",10.0,2.02,368.18,Request
STOCK,01195R,Carter Tresslar,2025-08-08,,NW25301811,"1"" CPVC Double Offset Hanger #515",25.0,2.86,368.18,Request
STOCK,01195R,Carter Tresslar,2025-08-08,,NW25301801,"1"" CPVC No Block Hanger,  #076",25.0,0.59,368.18,Request
STOCK,01195R,Carter Tresslar,2025-08-08,,NW80301T,"1"" CPVC Pipe",150.0,0.78,368.18,Request
STOCK,01195R,Carter Tresslar,2025-08-08,,NW4201010,"1"" CPVC Tee",10.0,1.82,368.18,Request
STOCK,01195R,Carter Tresslar,2025-08-08,,NW4206010,"1"" CPVC 90",10.0,1.48,368.18,Request
