From,To,Name,Date,Comments,Part Number,Part,Quantity,Cost,Total Cost,Form Type
STOCK,01209R,Ira Potter,2025-08-16,,NW4201012,"1-1/4"" CPVC Tee",2.0,2.87,151.14,Request
STOCK,01209R,Ira Potter,2025-08-16,,NW4201168,"1-1/4 x 1-1/4 x 1"" CPVC Tee",6.0,3.235,151.14,Request
STOCK,01209R,Ira Potter,2025-08-16,,NW4237168,"1-1/4"" x 1"" CPVC Bushing",2.0,0.89,151.14,Request
STOCK,01209R,Ira Potter,2025-08-16,,NW4229012,"1-1/4"" CPVC Coupling",4.0,1.37,151.14,Request
STOCK,01209R,Ira Potter,2025-08-16,,NW80302T,"1-1/4"" CPVC Pipe",75.0,1.253,151.14,Request
STOCK,01209R,Ira Potter,2025-08-16,,NW4206012,"1-1/4"" CPVC 90",10.0,1.85,151.14,Request
STOCK,01209R,Ira Potter,2025-08-16,,NW4201158,"1-1/4 x 1"" x 1"" CPVC Tee",2.0,3.13,151.14,Request
