From,To,Name,Date,Comments,Part Number,Part,Quantity,Cost,Total Cost,Form Type
STOCK,01245R,Jason elliff,2025-08-27,,NW7M99001906,"1"" 2-Hole Flat Strap, #070",-5.0,-0.72,-155.03,Return
STOCK,01245R,Jason elliff,2025-08-27,,NW25301801,"1"" CPVC No Block Hanger,  #076",-7.0,-0.59,-155.03,Return
STOCK,01245R,Jason elliff,2025-08-27,,NW7M99001911,"1"" 2-Hole Side Strap",-16.0,-0.74,-155.03,Return
STOCK,01245R,Jason elliff,2025-08-27,,NW25301811,"1"" CPVC Double Offset Hanger #515",-23.0,-2.86,-155.03,Return
STOCK,01245R,Jason elliff,2025-08-27,,NW4247010,"1"" CPVC Cap",-4.0,-0.57,-155.03,Return
STOCK,01245R,Jason elliff,2025-08-27,,NW4206010,"1"" CPVC 90",-9.0,-1.48,-155.03,Return
STOCK,01245R,Jason elliff,2025-08-27,,NW4220010,"1"" CPVC Cross",-2.0,-2.02,-155.03,Return
STOCK,01245R,Jason elliff,2025-08-27,,NW4229010,"1"" CPVC Coupling",-3.0,-0.72,-155.03,Return
STOCK,01245R,Jason elliff,2025-08-27,,NW4201010,"1"" CPVC Tee",-1.0,-1.82,-155.03,Return
STOCK,01245R,Jason elliff,2025-08-27,,NW4217010,"1"" CPVC 45",-8.0,-1.22,-155.03,Return
STOCK,01245R,Jason elliff,2025-08-27,,NW4216010,"1"" CPVC 22.5",-11.0,-1.41,-155.03,Return
STOCK,01245R,Jason elliff,2025-08-27,,NW504511200,"1/2"" POLY LEII 200 REC CONC TY3534",-2.0,-10.393,-155.03,Return
