From,To,Name,Date,Comments,Part Number,Part,Quantity,Cost,Total Cost,Form Type
STOCK,01246R,Ira,2025-08-21,,NW4213010,"1"" CPVC Side Outlet 90",-1.0,-2.24,-66.04,Return
STOCK,01246R,Ira,2025-08-21,,NW4201010,"1"" CPVC Tee",-6.0,-1.82,-66.04,Return
STOCK,01246R,Ira,2025-08-21,,NW4206010,"1"" CPVC 90",-1.0,-1.48,-66.04,Return
STOCK,01246R,Ira,2025-08-21,,NW4235130GS,"1"" x 1/2"" CPVC Reducing Adapter (TS",-13.0,-2.02,-66.04,Return
STOCK,01246R,Ira,2025-08-21,,NW4229010,"1"" CPVC Coupling",-7.0,-0.72,-66.04,Return
STOCK,01246R,Ira,2025-08-21,,NW4216010,"1"" CPVC 22.5",-10.0,-1.41,-66.04,Return
STOCK,01246R,Ira,2025-08-21,,NW4247010,"1"" CPVC Cap",-2.0,-0.57,-66.04,Return
STOCK,01246R,Ira,2025-08-21,,NW4237168,"1-1/4"" x 1"" CPVC Bushing",-1.0,-0.89,-66.04,Return
STOCK,01246R,Ira,2025-08-21,,NW4238130G,"1"" x 1/2"" CPVC Spigot / Reducer TS",-1.0,-1.9,-66.04,Return
STOCK,01246R,Ira,2025-08-21,,NW25301801,"1"" CPVC No Block Hanger,  #076",-1.0,-0.59,-66.04,Return
STOCK,01246R,Ira,2025-08-21,,NW7M99001911,"1"" 2-Hole Side Strap",-2.0,-0.74,-66.04,Return
