Job Number,Name,Date,Comments,Part Number,Part,Quantity,Total Cost,Form Type
01254R,Ira Potter,2025-07-11,These parts have already been restocked,NW562044135,Tyco LFII 135 Wht Cover Plate,-3,,Return
01254R,Ira Potter,2025-07-11,These parts have already been restocked,NW4201010,"1"" CPVC Tee",-8,,Return
01254R,Ira Potter,2025-07-11,These parts have already been restocked,NW4216010,"1"" CPVC 22.5",-5,,Return
01254R,Ira Potter,2025-07-11,These parts have already been restocked,NW4229010,"1"" CPVC Coupling",-1,,Return
01254R,Ira Potter,2025-07-11,These parts have already been restocked,NW4207130,"1"" x 1/2"" CPVC 90 (TS)",-2,,Return
01254R,Ira Potter,2025-07-11,These parts have already been restocked,NW4202130G,"1"" x 1"" x 1/2"" CPVC SHA Tee (TS)",-5,,Return
01254R,Ira Potter,2025-07-11,These parts have already been restocked,NW4220010,"1"" CPVC Cross",-3,,Return
01254R,Ira Potter,2025-07-11,These parts have already been restocked,NW4206010,"1"" CPVC 90",-28,,Return
01254R,Ira Potter,2025-07-11,These parts have already been restocked,NW44W,"1/2"" HSW QR 4.4K 155 Wht, R3531",-2,,Return
01254R,Ira Potter,2025-07-11,These parts have already been restocked,NW25301801,"1"" CPVC No Block Hanger,#076",-15,,Return
01254R,Ira Potter,2025-07-11,These parts have already been restocked,NW7M99001911,"1"" 2-Hole Side Strap",-5,,Return
01254R,Ira Potter,2025-07-11,These parts have already been restocked,NW7M99001906,"1"" 2-Hole Flat Strap, #070",-12,,Return
01254R,Ira Potter,2025-07-11,These parts have already been restocked,NW25301811,"1"" CPVC Double Offset Hanger #515",-15,,Return
01254R,Ira Potter,2025-07-11,These parts have already been restocked,NW2530291,"Nail Plate 1-1/2"" x 6",-14,,Return
