From,To,Name,Date,Comments,Part Number,Part,Quantity,Cost,Total Cost,Form Type
STOCK,01266R,Jason Elliff,2025-08-27,,NW4201010,"1"" CPVC Tee",8.0,1.82,270.39,Request
STOCK,01266R,Jason Elliff,2025-08-27,,NW4206010,"1"" CPVC 90",12.0,1.48,270.39,Request
STOCK,01266R,Jason Elliff,2025-08-27,,NW4217010,"1"" CPVC 45",9.0,1.22,270.39,Request
STOCK,01266R,Jason Elliff,2025-08-27,,NW4213010,"1"" CPVC Side Outlet 90",4.0,2.24,270.39,Request
STOCK,01266R,Jason Elliff,2025-08-27,,NW4247010,"1"" CPVC Cap",6.0,0.57,270.39,Request
STOCK,01266R,Jason Elliff,2025-08-27,,NWRFC492,"1/2"" CP Resi 4.9K 212 Brs, RA0616",7.0,8.29,270.39,Request
STOCK,01266R,Jason Elliff,2025-08-27,,NW4235130GS,"1"" x 1/2"" CPVC Reducing Adapter (TS",7.0,2.02,270.39,Request
STOCK,01266R,Jason Elliff,2025-08-27,,NW4229010,"1"" CPVC Coupling",12.0,0.72,270.39,Request
STOCK,01266R,Jason Elliff,2025-08-27,,NW80301T,"1"" CPVC Pipe",135.0,0.78,270.39,Request
STOCK,01266R,Jason Elliff,2025-08-27,,NW25301811,"1"" CPVC Double Offset Hanger #515",10.0,2.86,270.39,Request
