From,To,Name,Date,Comments,Part Number,Part,Quantity,Cost,Total Cost,Form Type
STOCK,01260R,Rylan,2025-08-25,,NW4201010,"1"" CPVC Tee",1.0,1.82,379.71,Request
STOCK,01260R,Rylan,2025-08-25,,NW4201011,"1/2"" CPVC Elbow",2.0,0.75,379.71,Request
STOCK,01260R,Rylan,2025-08-25,,NW4201012,"1"" CPVC Coupling",3.0,2.5,379.71,Request
STOCK,01260R,Rylan,2025-08-25,,NW4201013,"2"" CPVC Tee",1.0,3.2,379.71,Request
STOCK,01260R,Rylan,2025-08-25,,NW4201014,"3/4"" CPVC Elbow",4.0,0.95,379.71,Request
STOCK,01260R,Rylan,2025-08-25,,NW4201015,"2"" CPVC Coupling",2.0,4.1,379.71,Request
STOCK,01260R,Rylan,2025-08-25,,NW4201016,"1/2"" PVC Cap",5.0,1.5,379.71,Request
STOCK,01260R,Rylan,2025-08-25,,NW4201017,"1"" PVC Adapter",2.0,2.8,379.71,Request
STOCK,01260R,Rylan,2025-08-25,,NW4201018,"1/2"" PVC Tee",3.0,1.2,379.71,Request
STOCK,01260R,Rylan,2025-08-25,,NW4201019,"3/4"" PVC Coupling",1.0,3.0,379.71,Request
STOCK,01260R,Rylan,2025-08-25,,NW4201020,"1/4"" Brass Elbow",6.0,0.85,379.71,Request
STOCK,01260R,Rylan,2025-08-25,,NW4201021,"1/2"" Brass Tee",2.0,1.3,379.71,Request
STOCK,01260R,Rylan,2025-08-25,,NW4201022,"3/4"" Brass Coupling",3.0,2.0,379.71,Request
STOCK,01260R,Rylan,2025-08-25,,NW4201023,"1"" Brass Valve",1.0,5.5,379.71,Request
STOCK,01260R,Rylan,2025-08-25,,NW4201024,"3/8"" CPVC Elbow",4.0,0.6,379.71,Request
STOCK,01260R,Rylan,2025-08-25,,NW4201025,"3/8"" CPVC Tee",2.0,1.1,379.71,Request
STOCK,01260R,Rylan,2025-08-25,,NW4201026,"1/2"" CPVC Union",1.0,2.75,379.71,Request
STOCK,01260R,Rylan,2025-08-25,,NW4201027,"1"" CPVC Adapter",3.0,3.3,379.71,Request
STOCK,01260R,Rylan,2025-08-25,,NW4201028,"2"" CPVC Elbow",2.0,4.5,379.71,Request
STOCK,01260R,Rylan,2025-08-25,,NW4201029,"3/4"" PVC Tee",1.0,1.9,379.71,Request
STOCK,01260R,Rylan,2025-08-25,,NW4201030,"1/2"" PVC Plug",5.0,0.7,379.71,Request
STOCK,01260R,Rylan,2025-08-25,,NW4201031,"3/4"" PVC Adapter",2.0,2.2,379.71,Request
STOCK,01260R,Rylan,2025-08-25,,NW4201032,"1"" PVC Coupling",1.0,3.75,379.71,Request
STOCK,01260R,Rylan,2025-08-25,,NW4201033,"1/4"" Brass Tee",4.0,0.95,379.71,Request
STOCK,01260R,Rylan,2025-08-25,,NW4201034,"3/8"" Brass Coupling",2.0,1.4,379.71,Request
STOCK,01260R,Rylan,2025-08-25,,NW4201035,"1/2"" Brass Valve",1.0,2.6,379.71,Request
STOCK,01260R,Rylan,2025-08-25,,NW4201036,"1/4"" CPVC Plug",6.0,0.5,379.71,Request
STOCK,01260R,Rylan,2025-08-25,,NW4201037,"3/8"" CPVC Cap",3.0,1.15,379.71,Request
STOCK,01260R,Rylan,2025-08-25,,NW4201038,"1/2"" CPVC Adapter",2.0,2.35,379.71,Request
STOCK,01260R,Rylan,2025-08-25,,NW4201039,"3/4"" CPVC Union",1.0,3.85,379.71,Request
STOCK,01260R,Rylan,2025-08-25,,NW4201040,"1/4"" PVC Elbow",5.0,0.9,379.71,Request
STOCK,01260R,Rylan,2025-08-25,,NW4201041,"3/8"" PVC Tee",3.0,1.25,379.71,Request
STOCK,01260R,Rylan,2025-08-25,,NW4201042,"1/2"" PVC Coupling",2.0,2.45,379.71,Request
STOCK,01260R,Rylan,2025-08-25,,NW4201043,"3/4"" PVC Adapter",1.0,3.6,379.71,Request
STOCK,01260R,Rylan,2025-08-25,,NW4201044,"1"" PVC Valve",1.0,4.8,379.71,Request
STOCK,01260R,Rylan,2025-08-25,,NW4201045,"1/4"" Brass Cap",4.0,0.65,379.71,Request
STOCK,01260R,Rylan,2025-08-25,,NW4201046,"1/2"" CPVC Elbow",2.0,1.05,379.71,Request
STOCK,01260R,Rylan,2025-08-25,,NW4201047,"1"" CPVC Cap",1.0,1.75,379.71,Request
STOCK,01260R,Rylan,2025-08-25,,NW4201048,"2"" PVC Tee",3.0,2.9,379.71,Request
STOCK,01260R,Rylan,2025-08-25,,NW4201049,"3/4"" Brass Adapter",2.0,3.15,379.71,Request
STOCK,01260R,Rylan,2025-08-25,,NW4201050,"1/2"" PVC Elbow",4.0,0.8,379.71,Request
STOCK,01260R,Rylan,2025-08-25,,NW4201051,"1"" PVC Plug",1.0,1.6,379.71,Request
STOCK,01260R,Rylan,2025-08-25,,NW4201052,"1/2"" PVC Union",2.0,2.1,379.71,Request
STOCK,01260R,Rylan,2025-08-25,,NW4201053,"1"" PVC Cap",3.0,3.4,379.71,Request
STOCK,01260R,Rylan,2025-08-25,,NW4201054,"2"" PVC Coupling",1.0,4.25,379.71,Request
STOCK,01260R,Rylan,2025-08-25,,NW4201055,"3/8"" Brass Tee",5.0,0.55,379.71,Request
STOCK,01260R,Rylan,2025-08-25,,NW4201056,"1/2"" Brass Plug",2.0,1.35,379.71,Request
STOCK,01260R,Rylan,2025-08-25,,NW4201057,"3/4"" CPVC Adapter",1.0,2.7,379.71,Request
STOCK,01260R,Rylan,2025-08-25,,NW4201058,"1"" CPVC Union",2.0,3.95,379.71,Request
STOCK,01260R,Rylan,2025-08-25,,NW4201059,"1/4"" PVC Cap",3.0,0.88,379.71,Request
STOCK,01260R,Rylan,2025-08-25,,NW4201060,"3/8"" PVC Adapter",1.0,1.48,379.71,Request
STOCK,01260R,Rylan,2025-08-25,,NW4201061,"1/2"" CPVC Tee",2.0,2.25,379.71,Request
STOCK,01260R,Rylan,2025-08-25,,NW4201062,"3/4"" CPVC Coupling",1.0,3.55,379.71,Request
STOCK,01260R,Rylan,2025-08-25,,NW4201063,"1"" CPVC Valve",1.0,4.65,379.71,Request
STOCK,01260R,Rylan,2025-08-25,,NW4201064,"1/2"" Brass Elbow",4.0,0.78,379.71,Request
STOCK,01260R,Rylan,2025-08-25,,NW4201065,"3/8"" Brass Cap",2.0,1.28,379.71,Request
STOCK,01260R,Rylan,2025-08-25,,NW4201066,"1/2"" Brass Adapter",1.0,2.55,379.71,Request
STOCK,01260R,Rylan,2025-08-25,,NW4201067,"3/4"" Brass Union",2.0,3.8,379.71,Request
STOCK,01260R,Rylan,2025-08-25,,NW4201068,"1/4"" CPVC Tee",3.0,0.92,379.71,Request
STOCK,01260R,Rylan,2025-08-25,,NW4201069,"3/8"" CPVC Coupling",2.0,1.55,379.71,Request
STOCK,01260R,Rylan,2025-08-25,,NW4201070,"1/2"" CPVC Cap",1.0,2.4,379.71,Request
STOCK,01260R,Rylan,2025-08-25,,NW4201071,"3/4"" CPVC Adapter",3.0,3.65,379.71,Request
STOCK,01260R,Rylan,2025-08-25,,NW4201072,"1"" CPVC Coupling",1.0,4.9,379.71,Request
STOCK,01260R,Rylan,2025-08-25,,NW4201073,"1/2"" PVC Tee",5.0,0.68,379.71,Request
STOCK,01260R,Rylan,2025-08-25,,NW4201074,"3/8"" PVC Cap",2.0,1.18,379.71,Request
STOCK,01260R,Rylan,2025-08-25,,NW4201075,"1/2"" PVC Adapter",1.0,2.38,379.71,Request
STOCK,01260R,Rylan,2025-08-25,,NW4201076,"3/4"" PVC Union",2.0,3.88,379.71,Request
STOCK,01260R,Rylan,2025-08-25,,NW4201077,"1/4"" Brass Plug",4.0,0.83,379.71,Request
STOCK,01260R,Rylan,2025-08-25,,NW4201078,"1/2"" Brass Cap",3.0,1.38,379.71,Request
STOCK,01260R,Rylan,2025-08-25,,NW4201079,"3/4"" Brass Adapter",2.0,2.65,379.71,Request
STOCK,01260R,Rylan,2025-08-25,,NW4201080,"1"" Brass Union",1.0,3.9,379.71,Request
STOCK,01260R,Rylan,2025-08-25,,NW4201081,"1/4"" CPVC Adapter",3.0,0.99,379.71,Request
STOCK,01260R,Rylan,2025-08-25,,NW4201082,"3/8"" CPVC Union",2.0,1.6,379.71,Request
STOCK,01260R,Rylan,2025-08-25,,NW4201083,"1/2"" CPVC Valve",1.0,2.5,379.71,Request
STOCK,01260R,Rylan,2025-08-25,,NW4201084,"3/4"" CPVC Cap",2.0,3.7,379.71,Request
STOCK,01260R,Rylan,2025-08-25,,NW4201085,"1"" CPVC Adapter",1.0,4.85,379.71,Request
STOCK,01260R,Rylan,2025-08-25,,NW4201086,"1/2"" PVC Coupling",4.0,0.72,379.71,Request
STOCK,01260R,Rylan,2025-08-25,,NW4201087,"3/8"" PVC Union",2.0,1.22,379.71,Request
STOCK,01260R,Rylan,2025-08-25,,NW4201088,"1/2"" PVC Valve",1.0,2.42,379.71,Request
STOCK,01260R,Rylan,2025-08-25,,NW4201089,"3/4"" PVC Cap",2.0,3.92,379.71,Request
STOCK,01260R,Rylan,2025-08-25,,NW4201090,"1/4"" Brass Adapter",3.0,0.87,379.71,Request
STOCK,01260R,Rylan,2025-08-25,,NW4201091,"1/2"" Brass Union",2.0,1.42,379.71,Request
STOCK,01260R,Rylan,2025-08-25,,NW4201092,"3/4"" Brass Valve",1.0,2.68,379.71,Request
STOCK,01260R,Rylan,2025-08-25,,NW4201093,"1"" Brass Cap",2.0,3.95,379.71,Request
STOCK,01260R,Rylan,2025-08-25,,NW4201094,"1/4"" CPVC Union",3.0,0.91,379.71,Request
STOCK,01260R,Rylan,2025-08-25,,NW4201095,"3/8"" CPVC Valve",2.0,1.58,379.71,Request
STOCK,01260R,Rylan,2025-08-25,,NW4201096,"1/2"" CPVC Adapter",1.0,2.48,379.71,Request
STOCK,01260R,Rylan,2025-08-25,,NW4201097,"3/4"" CPVC Union",2.0,3.75,379.71,Request
STOCK,01260R,Rylan,2025-08-25,,NW4201098,"1"" CPVC Plug",1.0,4.95,379.71,Request
STOCK,01260R,Rylan,2025-08-25,,NW4201099,"1/2"" PVC Cap",5.0,0.66,379.71,Request
STOCK,01260R,Rylan,2025-08-25,,NW4201100,"3/8"" PVC Adapter",2.0,1.16,379.71,Request
