From,To,Name,Date,Comments,Part Number,Part,Quantity,Cost,Total Cost,Form Type
STOCK,05482C,Rylan,2025-07-21,,NW4202130,1 x 1 x 1/2 CPVC SHA Tee,2.0,3.58,161.01999999999998,Request
STOCK,05482C,Rylan,2025-07-21,,NWBRNBL,"1/2"" x 2-1/2"" Brass Nipple",2.0,3.799,161.01999999999998,Request
STOCK,05482C,Rylan,2025-07-21,,NWBRTDDB,"1/2"" x 1/2"" x 1/4"" Brass Tee",2.0,8.59,161.01999999999998,Request
STOCK,05482C,Rylan,2025-07-21,,NW4257010,"1"" CPVC Union",2.0,3.72,161.01999999999998,Request
STOCK,05482C,Rylan,2025-07-21,,NW4236010,"1"" CPVC Male Adapter",2.0,6.19,161.01999999999998,Request
STOCK,05482C,Rylan,2025-07-21,,NWXFITML,"1/2"" CPVC Male Adapter",2.0,5.99,161.01999999999998,Request
STOCK,05482C,Rylan,2025-07-21,,NWRES1157000,Water Gauge - NWFS Residential,2.0,10.25,161.01999999999998,Request
STOCK,05482C,Rylan,2025-07-21,,NW410AG,"1"" Ball Valve 600#",2.0,19.642,161.01999999999998,Request
STOCK,05482C,Rylan,2025-07-21,,NWST7882S12Z2S1,"1-5/8"" Galv H/SL Strut (ft)",2.0,5.004,161.01999999999998,Request
STOCK,05482C,Rylan,2025-07-21,,NWFRIGD0100,"1"" Uni Strut Strap",2.0,1.745,161.01999999999998,Request
STOCK,05482C,Rylan,2025-07-21,,NWXFITFL,"1/2"" CPVC Female Adapter",2.0,5.99,161.01999999999998,Request
STOCK,05482C,Rylan,2025-07-21,,NWGNDP,"1/2"" x 04 Galv Nipple",2.0,2.91,161.01999999999998,Request
STOCK,05482C,Rylan,2025-07-21,,NWFG4D,"1/2"" Galv 45",2.0,3.1,161.01999999999998,Request
STOCK,05482C,Rylan,2025-07-21,,NW4519003,"3/4"" Galv Wall Plate",2.0,"Custom Part, Please Add to Total",161.01999999999998,Request
