From,To,Name,Date,Comments,Part Number,Part,Quantity,Cost,Total Cost,Form Type
STOCK,05482C,Rylan,2025-07-21,,NW80301T,"1"" CPVC Pipe",1.0,0.78,203.70299999999997,Request
STOCK,05482C,Rylan,2025-07-21,,NW504511200,"1/2"" POLY LEII 200 REC CONC TY3534",1.0,10.393,203.70299999999997,Request
STOCK,05482C,Rylan,2025-07-21,,NW4235130GS,"1"" x 1/2"" CPVC Reducing Adapter (TS",1.0,2.02,203.70299999999997,Request
STOCK,05482C,Rylan,2025-07-21,,NW4202130,1 x 1 x 1/2 CPVC SHA Tee,1.0,3.58,203.70299999999997,Request
STOCK,05482C,Rylan,2025-07-21,,NWBRNBL,"1/2"" x 2-1/2"" Brass Nipple",1.0,3.799,203.70299999999997,Request
STOCK,05482C,Rylan,2025-07-21,,NWBRTDDB,"1/2"" x 1/2"" x 1/4"" Brass Tee",1.0,8.59,203.70299999999997,Request
STOCK,05482C,Rylan,2025-07-21,,NW4257010,"1"" CPVC Union",1.0,3.72,203.70299999999997,Request
STOCK,05482C,Rylan,2025-07-21,,NW4236010,"1"" CPVC Male Adapter",1.0,6.19,203.70299999999997,Request
STOCK,05482C,Rylan,2025-07-21,,NWXFITML,"1/2"" CPVC Male Adapter",1.0,5.99,203.70299999999997,Request
STOCK,05482C,Rylan,2025-07-21,,NWRES1157000,Water Gauge - NWFS Residential,1.0,10.25,203.70299999999997,Request
STOCK,05482C,Rylan,2025-07-21,,NW410AG,"1"" Ball Valve 600#",1.0,19.642,203.70299999999997,Request
STOCK,05482C,Rylan,2025-07-21,,NWST7882S12Z2S1,"1-5/8"" Galv H/SL Strut (ft)",1.0,5.004,203.70299999999997,Request
STOCK,05482C,Rylan,2025-07-21,,NWFRIGD0100,"1"" Uni Strut Strap",1.0,1.745,203.70299999999997,Request
STOCK,05482C,Rylan,2025-07-21,,NWXFITFL,"1/2"" CPVC Female Adapter",1.0,5.99,203.70299999999997,Request
STOCK,05482C,Rylan,2025-07-21,,NWGNDP,"1/2"" x 04 Galv Nipple",1.0,2.91,203.70299999999997,Request
STOCK,05482C,Rylan,2025-07-21,,NWFG4D,"1/2"" Galv 45",1.0,3.1,203.70299999999997,Request
STOCK,05482C,Rylan,2025-07-21,,NW4519003,"3/4"" Galv Wall Plate",1.0,"Price Not Recorded In Inventory, Please Add to Total",203.70299999999997,Request
STOCK,05482C,Rylan,2025-07-21,,NW007M1CK2150,"WTS 007M1 1.5-2"" #2 CK ASSY",1.0,110.0,203.70299999999997,Request
