From,To,Name,Date,Comments,Part Number,Part,Quantity,Total Cost,Form Type
STOCK,05482C,Rylan,2025-07-21,,NW4201010,"1"" CPVC Tee",3.0,629.4110000000001,Request
STOCK,05482C,Rylan,2025-07-21,,NW4202130,1 x 1 x 1/2 CPVC SHA Tee,3.0,629.4110000000001,Request
STOCK,05482C,Rylan,2025-07-21,,NWBRNBL,"1/2"" x 2-1/2"" Brass Nipple",3.0,629.4110000000001,Request
STOCK,05482C,Rylan,2025-07-21,,NWBRTDDB,"1/2"" x 1/2"" x 1/4"" Brass Tee",3.0,629.4110000000001,Request
STOCK,05482C,Rylan,2025-07-21,,NW4257010,"1"" CPVC Union",3.0,629.4110000000001,Request
STOCK,05482C,Rylan,2025-07-21,,NW4201036,Unknown,3.0,629.4110000000001,Request
STOCK,05482C,Rylan,2025-07-21,,,Unknown,3.0,629.4110000000001,Request
STOCK,05482C,Rylan,2025-07-21,,NWRES1157000,Water Gauge - NWFS Residential,3.0,629.4110000000001,Request
STOCK,05482C,Rylan,2025-07-21,,NW410AG,"1"" Ball Valve 600#",3.0,629.4110000000001,Request
STOCK,05482C,Rylan,2025-07-21,,NWWFDNFS,SS CPVC Waterflow Detector,3.0,629.4110000000001,Request
STOCK,05482C,Rylan,2025-07-21,,NWST7882S12Z2S1,"1-5/8"" Galv H/SL Strut (ft)",3.0,629.4110000000001,Request
STOCK,05482C,Rylan,2025-07-21,,NWFRIGD0100,"1"" Uni Strut Strap",3.0,629.4110000000001,Request
STOCK,05482C,Rylan,2025-07-21,,NWXFITFL,Unknown,3.0,629.4110000000001,Request
STOCK,05482C,Rylan,2025-07-21,,NWGNDP,"1/2"" x 04 Galv Nipple",3.0,629.4110000000001,Request
STOCK,05482C,Rylan,2025-07-21,,NWFG4D,"1/2"" Galv 45",3.0,629.4110000000001,Request
STOCK,05482C,Rylan,2025-07-21,,NW4519003,Unknown,3.0,629.4110000000001,Request
STOCK,05482C,Rylan,2025-07-21,,NW4202130,1 x 1 x 1/2 CPVC SHA Tee,2.0,629.4110000000001,Request
STOCK,05482C,Rylan,2025-07-21,,NWBRNBL,"1/2"" x 2-1/2"" Brass Nipple",2.0,629.4110000000001,Request
STOCK,05482C,Rylan,2025-07-21,,NWBRTDDB,"1/2"" x 1/2"" x 1/4"" Brass Tee",2.0,629.4110000000001,Request
STOCK,05482C,Rylan,2025-07-21,,NW4257010,"1"" CPVC Union",2.0,629.4110000000001,Request
STOCK,05482C,Rylan,2025-07-21,,NW4201036,Unknown,2.0,629.4110000000001,Request
STOCK,05482C,Rylan,2025-07-21,,NWXFITML,Unknown,2.0,629.4110000000001,Request
STOCK,05482C,Rylan,2025-07-21,,NWRES1157000,Water Gauge - NWFS Residential,2.0,629.4110000000001,Request
STOCK,05482C,Rylan,2025-07-21,,NW410AG,"1"" Ball Valve 600#",2.0,629.4110000000001,Request
STOCK,05482C,Rylan,2025-07-21,,NWST7882S12Z2S1,"1-5/8"" Galv H/SL Strut (ft)",2.0,629.4110000000001,Request
STOCK,05482C,Rylan,2025-07-21,,NWFRIGD0100,"1"" Uni Strut Strap",2.0,629.4110000000001,Request
STOCK,05482C,Rylan,2025-07-21,,NWXFITFL,Unknown,2.0,629.4110000000001,Request
STOCK,05482C,Rylan,2025-07-21,,NWGNDP,"1/2"" x 04 Galv Nipple",2.0,629.4110000000001,Request
STOCK,05482C,Rylan,2025-07-21,,NWFG4D,"1/2"" Galv 45",2.0,629.4110000000001,Request
STOCK,05482C,Rylan,2025-07-21,,NW4519003,Unknown,2.0,629.4110000000001,Request
STOCK,05482C,Rylan,2025-07-21,,NW80301T,"1"" CPVC Pipe",2.0,629.4110000000001,Request
STOCK,05482C,Rylan,2025-07-21,,NW504511200,"1/2"" POLY LEII 200 REC CONC TY3534",2.0,629.4110000000001,Request
STOCK,05482C,Rylan,2025-07-21,,NW4235130GS,"1"" x 1/2"" CPVC Reducing Adapter (TS",2.0,629.4110000000001,Request
