From,To,Name,Date,Comments,Part Number,Part,Quantity,Cost,Total Cost,Form Type
STOCK,116,Rylan,2025-08-18,,NW007M2CK2150,"WTS 007M2 1.25-1.5"" #2 CK ASSY",1.0,107.0,287.88,Request
STOCK,116,Rylan,2025-08-18,,NW009M2T100,"WTS 009M2 1"" Total Repair Kit",1.0,173.0,287.88,Request
STOCK,116,Rylan,2025-08-18,,TEST,testing,1.0,4.58,287.88,Request
STOCK,116,Rylan,2025-08-18,,NW4206010,"1"" CPVC 90",1.0,1.48,287.88,Request
STOCK,116,Rylan,2025-08-18,,NW4201010,"1"" CPVC Tee",1.0,1.82,287.88,Request
