From,To,Name,Date,Comments,Part Number,Part,Quantity,Cost,Total Cost,Form Type
STOCK,116,Rylan,2025-08-15,,NW80301T,"1"" CPVC Pipe",-1.0,-0.78,-233.84,Return
STOCK,116,Rylan,2025-08-15,,TEST,testing,-1.0,-4.58,-233.84,Return
STOCK,116,Rylan,2025-08-15,,NW009M2CK1200,"WTS 009M2 2"" #1 CK ASSY",-1.0,-120.0,-233.84,Return
STOCK,116,Rylan,2025-08-15,,NW009M2CK2200,"WTS 009M2 2"" #2 CK ASSY",-1.0,-107.0,-233.84,Return
STOCK,116,Rylan,2025-08-15,,NW4206010,"1"" CPVC 90",-1.0,-1.48,-233.84,Return
