From,To,Name,Date,Comments,Part Number,Part,Quantity,Cost,Total Cost,Form Type
STOCK,116,Rylan,2025-08-15,,TEST,testing,1.0,4.58,336.4,Request
STOCK,116,Rylan,2025-08-15,,NW4201010,"1"" CPVC Tee",1.0,1.82,336.4,Request
STOCK,116,Rylan,2025-08-15,,NW4206010,"1"" CPVC 90",1.0,1.48,336.4,Request
STOCK,116,Rylan,2025-08-15,,NW80301T,"1"" CPVC Pipe",1.0,0.78,336.4,Request
STOCK,116,Rylan,2025-08-15,,NW4202010,"1"" CPVC SHA Tee",1.0,6.74,336.4,Request
STOCK,116,Rylan,2025-08-15,,NWLF909T075,"WTS LF909 .75-1"" Total Repair Kit",1.0,321.0,336.4,Request
