From,To,Name,Date,Comments,Part Number,Part,Quantity,Cost,Total Cost,Form Type
01260R,STOCK,Ira Potter,2025-08-20,This list is part 2 of the sprinkler head disposal inquiry. Do not submit until approved by Clark --- ORDER MADE FOR STOCK,NWRFC582,"1/2"" CP Resi 5.8K 212 Chr, RA0613",-9.0,-7.54,728.06,Return
01260R,STOCK,Ira Potter,2025-08-20,This list is part 2 of the sprinkler head disposal inquiry. Do not submit until approved by Clark --- ORDER MADE FOR STOCK,NW49CCP1N,"1/2"" CP FR 4.9K 155 Brs, R3516",-8.0,-8.25,728.06,Return
01260R,STOCK,Ira Potter,2025-08-20,This list is part 2 of the sprinkler head disposal inquiry. Do not submit until approved by Clark --- ORDER MADE FOR STOCK,NW12739AE,"1/2"" Uprt SR 16.8K 200 Brs, VK580",-4.0,-24.282,728.06,Return
01260R,STOCK,Ira Potter,2025-08-20,This list is part 2 of the sprinkler head disposal inquiry. Do not submit until approved by Clark --- ORDER MADE FOR STOCK,NWF1FR56P1C,"1/2"" Pend QR 5.6K 155 Chr, RA1414",-1.0,-4.82,728.06,Return
01260R,STOCK,Ira Potter,2025-08-20,This list is part 2 of the sprinkler head disposal inquiry. Do not submit until approved by Clark --- ORDER MADE FOR STOCK,NW561520001,GL5615 Com Brs QR 200 K5.6 Uprt,-2.0,-4.03,728.06,Return
01260R,STOCK,Ira Potter,2025-08-20,This list is part 2 of the sprinkler head disposal inquiry. Do not submit until approved by Clark --- ORDER MADE FOR STOCK,NW518934155,"3/4"" Pend QR 11.2K 155 Wht, TY5237",-1.0,-14.23,728.06,Return
01260R,STOCK,Ira Potter,2025-08-20,This list is part 2 of the sprinkler head disposal inquiry. Do not submit until approved by Clark --- ORDER MADE FOR STOCK,NWVS271BCQ440,"1/2"" Pend QR 5.6K 155 Wht, V2708",-1.0,-8.436,728.06,Return
01260R,STOCK,Ira Potter,2025-08-20,This list is part 2 of the sprinkler head disposal inquiry. Do not submit until approved by Clark --- ORDER MADE FOR STOCK,NW09530FB,"1/2"" Pend QR 4.3K 155 Chr, VK430",-2.0,-8.82,728.06,Return
01260R,STOCK,Ira Potter,2025-08-20,This list is part 2 of the sprinkler head disposal inquiry. Do not submit until approved by Clark --- ORDER MADE FOR STOCK,NWF1FRU3LB,"3/4"" Uprt QR 8.0K 286 Brs, R3622",-1.0,-6.03,728.06,Return
01260R,STOCK,Ira Potter,2025-08-20,This list is part 2 of the sprinkler head disposal inquiry. Do not submit until approved by Clark --- ORDER MADE FOR STOCK,NWFP1LCN,R3622 COM BRS 200 K8.0 3/4 UPRT,-4.0,-8.82,728.06,Return
01260R,STOCK,Ira Potter,2025-08-20,This list is part 2 of the sprinkler head disposal inquiry. Do not submit until approved by Clark --- ORDER MADE FOR STOCK,NW49W5N,"1/2"" Pend FR 4.9K 175 Wht, R3516",-2.0,-6.47,728.06,Return
01260R,STOCK,Ira Potter,2025-08-20,This list is part 2 of the sprinkler head disposal inquiry. Do not submit until approved by Clark --- ORDER MADE FOR STOCK,NW9154AB,"1/2"" Uprt QR 4.9K 155 Brs, VK467",-4.0,-19.5809,728.06,Return
01260R,STOCK,Ira Potter,2025-08-20,This list is part 2 of the sprinkler head disposal inquiry. Do not submit until approved by Clark --- ORDER MADE FOR STOCK,NWF1FR56P3C,"1/2"" Pend QR 5.6K 286 Chr, RA1414",-1.0,-4.63,728.06,Return
01260R,STOCK,Ira Potter,2025-08-20,This list is part 2 of the sprinkler head disposal inquiry. Do not submit until approved by Clark --- ORDER MADE FOR STOCK,NW775711200,"1/2"" Pend SR 5.6K 200 Brs, TY325",-2.0,-5.88,728.06,Return
01260R,STOCK,Ira Potter,2025-08-20,This list is part 2 of the sprinkler head disposal inquiry. Do not submit until approved by Clark --- ORDER MADE FOR STOCK,NWF1FR80P1C,"3/4"" Pend QR 8.0K 155 Chr, RA6312",-1.0,"Price Not Recorded In Inventory, Please Add to Total",728.06,Return
01260R,STOCK,Ira Potter,2025-08-20,This list is part 2 of the sprinkler head disposal inquiry. Do not submit until approved by Clark --- ORDER MADE FOR STOCK,NWF1FR56U3B3,"1/2"" Uprt SR 5.6K 128 Brs, RA2625",-2.0,-4.85,728.06,Return
01260R,STOCK,Ira Potter,2025-08-20,This list is part 2 of the sprinkler head disposal inquiry. Do not submit until approved by Clark --- ORDER MADE FOR STOCK,NWF1FR56U5B,"1/2"" Uprt QR 5.6K 175 Brs, RA1425",-2.0,-4.62,728.06,Return
01260R,STOCK,Ira Potter,2025-08-20,This list is part 2 of the sprinkler head disposal inquiry. Do not submit until approved by Clark --- ORDER MADE FOR STOCK,NWF1FRU5LB3N,"3/4"" Uprt QR 8.0K 175 Brs, R3622",-1.0,-7.17,728.06,Return
01260R,STOCK,Ira Potter,2025-08-20,This list is part 2 of the sprinkler head disposal inquiry. Do not submit until approved by Clark --- ORDER MADE FOR STOCK,NW30WLL,"1/2"" Pend RES 3.0K 155 Wht, R3311",-4.0,-17.94,728.06,Return
01260R,STOCK,Ira Potter,2025-08-20,This list is part 2 of the sprinkler head disposal inquiry. Do not submit until approved by Clark --- ORDER MADE FOR STOCK,NW512019155,"1/2"" Pend RR 4.9K 155 Chr, TY2234",-2.0,-5.58,728.06,Return
01260R,STOCK,Ira Potter,2025-08-20,This list is part 2 of the sprinkler head disposal inquiry. Do not submit until approved by Clark --- ORDER MADE FOR STOCK,NW44CN,"1/2"" HSW QR 4.4K 155 Chr, R3531",-3.0,-6.47,728.06,Return
01260R,STOCK,Ira Potter,2025-08-20,This list is part 2 of the sprinkler head disposal inquiry. Do not submit until approved by Clark --- ORDER MADE FOR STOCK,NWF56P1C,"1/2"" Pend SR 5.6K 155 Chr, RA1314",-2.0,-6.44,728.06,Return
01260R,STOCK,Ira Potter,2025-08-20,This list is part 2 of the sprinkler head disposal inquiry. Do not submit until approved by Clark --- ORDER MADE FOR STOCK,NWF1FR56H3B,"1/2"" HSW QR 5.6K 286 Brs, RA1435",-1.0,-5.85,728.06,Return
01260R,STOCK,Ira Potter,2025-08-20,This list is part 2 of the sprinkler head disposal inquiry. Do not submit until approved by Clark --- ORDER MADE FOR STOCK,NW512124175,"1/2"" Res Pend 4.9K 175 Wht, TY2236",-4.0,-6.525,728.06,Return
01260R,STOCK,Ira Potter,2025-08-20,This list is part 2 of the sprinkler head disposal inquiry. Do not submit until approved by Clark --- ORDER MADE FOR STOCK,NWF1FREC91WN,"3/4"" HSW QR 8.0K 155 Wht, R4862",-2.0,-10.45,728.06,Return
01260R,STOCK,Ira Potter,2025-08-20,This list is part 2 of the sprinkler head disposal inquiry. Do not submit until approved by Clark --- ORDER MADE FOR STOCK,NWGU1LB,"R1027 3/4"" Uprt SR 8.0K 165 Brs",-4.0,-8.62,728.06,Return
01260R,STOCK,Ira Potter,2025-08-20,This list is part 2 of the sprinkler head disposal inquiry. Do not submit until approved by Clark --- ORDER MADE FOR STOCK,NWF1FR56P5W,"1/2"" Pend QR 5.6K 175 Wht, RA1414",-1.0,-5.34,728.06,Return
01260R,STOCK,Ira Potter,2025-08-20,This list is part 2 of the sprinkler head disposal inquiry. Do not submit until approved by Clark --- ORDER MADE FOR STOCK,NWS271BJS420,"1/2"" Pend SR 5.6K 286 Chr, V2707",-1.0,-6.042,728.06,Return
01260R,STOCK,Ira Potter,2025-08-20,This list is part 2 of the sprinkler head disposal inquiry. Do not submit until approved by Clark --- ORDER MADE FOR STOCK,NWF1FR56P1B,"1/2"" Pend QR 5.6K 155 Brs, RA1414",-2.0,-4.51,728.06,Return
01260R,STOCK,Ira Potter,2025-08-20,This list is part 2 of the sprinkler head disposal inquiry. Do not submit until approved by Clark --- ORDER MADE FOR STOCK,NW12979MEW,VK302 Com White 200 QR K5.6 Pend,-1.0,-6.95,728.06,Return
01260R,STOCK,Ira Potter,2025-08-20,This list is part 2 of the sprinkler head disposal inquiry. Do not submit until approved by Clark --- ORDER MADE FOR STOCK,NWKFR56H2B,"1/2"" HSW 5.6K 212"" Brs , RA3634",-2.0,-5.32,728.06,Return
01260R,STOCK,Ira Potter,2025-08-20,This list is part 2 of the sprinkler head disposal inquiry. Do not submit until approved by Clark --- ORDER MADE FOR STOCK,NW565115501,GL5651 Com Brs 155 K5.6 1/2 Pend,-2.0,-3.26,728.06,Return
01260R,STOCK,Ira Potter,2025-08-20,This list is part 2 of the sprinkler head disposal inquiry. Do not submit until approved by Clark --- ORDER MADE FOR STOCK,NWF56P1B,"1/2"" Pend SR 5.6K 155 BRS, RA1314",-4.0,-5.44,728.06,Return
