From,To,Name,Date,Comments,Part Number,Part,Quantity,Cost,Total Cost,Form Type
01260R,STOCK,Ira Potter,2025-08-20,This list is for material disposal request. Do not submit until approved by Clark --- ORDER MADE FOR STOCK,NWJ112U1B,"3/4"" Uprt 11.2K 155 Brs , RA7326",-20.0,-13.78,2010.2,Return
01260R,STOCK,Ira Potter,2025-08-20,This list is for material disposal request. Do not submit until approved by Clark --- ORDER MADE FOR STOCK,NWJL171B,"3/4"" Pend 16.8K 212"" Brs , RA1914",-11.0,-9.27,2010.2,Return
01260R,STOCK,Ira Potter,2025-08-20,This list is for material disposal request. Do not submit until approved by Clark --- ORDER MADE FOR STOCK,NWF1FR56U5B,"1/2"" Uprt QR 5.6K 175 Brs, RA1425",-4.0,-4.62,2010.2,Return
01260R,STOCK,Ira Potter,2025-08-20,This list is for material disposal request. Do not submit until approved by Clark --- ORDER MADE FOR STOCK,NWF561515501,"1/2"" Uprt QR 5.6K 155 Brs, GL5615",-1.0,-4.03,2010.2,Return
01260R,STOCK,Ira Potter,2025-08-20,This list is for material disposal request. Do not submit until approved by Clark --- ORDER MADE FOR STOCK,NWS271ACQ410,"1/2"" Uprt QR 5.6K 155 Brs, V2704",-1.0,-4.69,2010.2,Return
01260R,STOCK,Ira Potter,2025-08-20,This list is for material disposal request. Do not submit until approved by Clark --- ORDER MADE FOR STOCK,NWF560615501,"1/2"" CP QR 5.6K 155 Brs, GL5606",-1.0,-6.35,2010.2,Return
01260R,STOCK,Ira Potter,2025-08-20,This list is for material disposal request. Do not submit until approved by Clark --- ORDER MADE FOR STOCK,NWGL566120001,"1/2"" Uprt SR 5.6K 200 Brs, GL5661",-2.0,-3.26,2010.2,Return
01260R,STOCK,Ira Potter,2025-08-20,This list is for material disposal request. Do not submit until approved by Clark --- ORDER MADE FOR STOCK,NW561520001,GL5615 Com Brs QR 200 K5.6 Uprt,-18.0,-4.03,2010.2,Return
01260R,STOCK,Ira Potter,2025-08-20,This list is for material disposal request. Do not submit until approved by Clark --- ORDER MADE FOR STOCK,NWFP1LCN,R3622 COM BRS 200 K8.0 3/4 UPRT,-9.0,-8.82,2010.2,Return
01260R,STOCK,Ira Potter,2025-08-20,This list is for material disposal request. Do not submit until approved by Clark --- ORDER MADE FOR STOCK,NW560820001,"1/2"" Uprt QR 5.6K 200 Brs, GL5608",-10.0,-14.0,2010.2,Return
01260R,STOCK,Ira Potter,2025-08-20,This list is for material disposal request. Do not submit until approved by Clark --- ORDER MADE FOR STOCK,NW513011200,"1/2"" Uprt QR 5.6K 200 Brs, TY3199",-44.0,-29.56,2010.2,Return
